日期,大盘成长,大盘价值,小盘成长,小盘价值,中债-总财富(总值)指数
2018/1/2,4121.3303,7718.7006,5792.264,6652.2844,167.9581
2018/1/3,4176.9856,7711.1969,5855.2312,6707.1554,167.9608
2018/1/4,4203.9395,7730.1435,5884.2341,6777.576,167.884
2018/1/5,4212.487,7788.4143,5890.7672,6803.4579,168.0329
2018/1/8,4246.2679,7828.9701,5903.337,6879.5874,168.1576
2018/1/9,4271.2956,7867.9791,5904.5033,6887.7006,168.2002
2018/1/10,4277.7938,7963.4946,5868.1811,6847.7415,168.0328
2018/1/11,4267.9154,7956.7167,5896.5778,6827.1471,167.8964
2018/1/12,4294.1509,8036.9337,5867.8369,6830.5805,167.9581
2018/1/15,4255.3959,8152.7492,5752.5224,6716.7295,167.8256
2018/1/16,4294.6536,8210.4047,5774.8149,6833.6994,167.8418
2018/1/17,4296.0642,8223.2334,5760.265,6788.5105,167.799
2018/1/18,4310.6736,8311.8042,5776.2119,6857.7824,167.6835
2018/1/19,4329.4651,8327.2243,5752.5036,6845.0549,167.7088
2018/1/22,4421.647,8402.2591,5834.8233,6924.6065,167.8264
2018/1/23,4460.2316,8532.1462,5841.4448,6936.5267,167.8996
2018/1/24,4492.9878,8524.7295,5886.5149,6946.8344,167.9466
2018/1/25,4448.7612,8465.3577,5867.5128,6919.9796,167.9872
2018/1/26,4462.272,8529.2793,5871.5894,6936.2234,168.0409
2018/1/29,4371.8303,8408.4849,5808.4025,6877.6157,168.1
2018/1/30,4324.7473,8266.1408,5809.7205,6880.6904,168.1046
2018/1/31,4317.6432,8370.7248,5721.8917,6793.5305,168.2212
2018/2/1,4277.9618,8424.2004,5555.7304,6604.3725,168.3509
2018/2/2,4302.2009,8468.2211,5553.0012,6641.9059,168.3765
2018/2/5,4253.1034,8570.849,5515.5601,6673.0905,168.4014
2018/2/6,4086.4455,8379.5371,5299.3807,6359.8559,168.6722
2018/2/7,3986.0502,8104.6457,5311.4736,6308.1363,168.775
2018/2/8,4010.4865,7902.9028,5372.442,6341.0185,168.7751
2018/2/9,3835.9773,7551.8376,5213.9795,6068.0776,168.8258
2018/2/12,3925.1082,7572.5297,5363.3145,6216.0974,168.9518
2018/2/13,3958.3172,7701.9411,5387.119,6282.6423,169.0032
2018/2/14,3991.3249,7780.8582,5398.8928,6321.2534,169.0211
2018/2/22,4073.7165,7928.5394,5489.9933,6457.1041,169.1168
2018/2/23,4074.5342,7985.866,5493.2596,6481.5684,169.1975
2018/2/26,4157.3932,8026.9933,5622.8598,6590.5858,169.5971
2018/2/27,4088.6695,7852.2555,5627.267,6516.9498,169.8018
2018/2/28,4074.7626,7748.3054,5637.7672,6518.6317,169.8871
2018/3/1,4107.3985,7773.2674,5700.574,6553.2291,169.9225
2018/3/2,4066.4135,7724.4136,5667.2236,6510.8472,169.8662
2018/3/5,4070.9311,7715.9161,5676.3111,6457.8871,169.8233
2018/3/6,4117.4867,7796.8745,5739.2751,6594.5933,169.8927
2018/3/7,4068.8843,7779.4358,5698.5743,6517.4146,169.974
2018/3/8,4112.173,7859.202,5716.8185,6557.0729,170.0747
2018/3/9,4171.5519,7882.6167,5811.0777,6602.8488,170.1123
2018/3/12,4214.4503,7884.0013,5891.2137,6678.0049,170.1849
2018/3/13,4178.975,7834.9851,5859.7848,6641.4031,170.1173
2018/3/14,4150.2472,7786.6726,5788.7683,6611.6694,170.1187
2018/3/15,4173.3947,7833.8602,5770.8628,6579.5482,170.1781
2018/3/16,4109.4428,7771.8582,5743.0546,6552.0036,170.2787
2018/3/19,4105.5807,7807.0897,5754.1593,6507.9029,170.3207
2018/3/20,4101.732,7822.2386,5775.0643,6515.7293,170.4589
2018/3/21,4081.0588,7790.8916,5724.022,6475.0057,170.5958
2018/3/22,4029.1784,7715.795,5690.2968,6441.8083,170.8386
2018/3/23,3880.0223,7538.7448,5413.9271,6117.149,171.4045
2018/3/26,3878.5621,7376.1719,5529.5579,6195.1908,171.3879
2018/3/27,3939.2158,7377.0036,5658.682,6278.6581,171.2811
2018/3/28,3859.0893,7256.294,5609.1535,6191.1136,171.3869
2018/3/29,3919.8893,7405.3926,5655.3574,6292.6386,171.3975
2018/3/30,3931.5516,7350.853,5746.2899,6315.5664,171.5189
2018/4/2,3906.3249,7307.1012,5760.8739,6322.4436,171.6116
2018/4/3,3891.7023,7268.2817,5696.6545,6249.7561,171.7624
2018/4/4,3886.3092,7265.5617,5640.3214,6219.3532,171.9342
2018/4/9,3865.7373,7271.2903,5649.9901,6201.8481,172.4879
2018/4/10,3941.3058,7467.6855,5675.7843,6299.5976,172.4178
2018/4/11,3955.6159,7495.6726,5720.196,6337.5231,172.4978
2018/4/12,3910.3678,7396.1443,5693.2188,6294.3243,172.5556
2018/4/13,3882.3335,7342.0774,5669.0908,6269.8229,172.6258
2018/4/16,3806.4668,7157.3015,5657.7655,6199.1697,172.8759
2018/4/17,3753.2986,7096.0283,5536.7272,6090.7896,173.024
2018/4/18,3773.2631,7138.8417,5607.5493,6123.3961,174.6848
2018/4/19,3841.0334,7220.9174,5625.1975,6184.1513,174.4233
2018/4/20,3759.9744,7156.6731,5493.5101,6036.6853,174.4636
2018/4/23,3789.3638,7205.7059,5421.5879,6020.7123,174.1289
2018/4/24,3877.3475,7358.231,5556.8379,6164.215,174.2305
2018/4/25,3869.4807,7285.607,5560.3491,6147.62,174.0846
2018/4/26,3754.6222,7160.8122,5458.3497,6034.5741,173.9334
2018/4/27,3750.1678,7142.5545,5481.246,6046.7258,173.8291
2018/5/2,3760.8481,7150.8632,5462.7661,6085.792,173.7104
2018/5/3,3822.4216,7187.1018,5510.3009,6127.355,173.8039
2018/5/4,3793.2176,7134.0334,5487.5819,6133.462,173.97
2018/5/7,3853.6208,7211.8453,5593.6307,6271.6961,173.9222
2018/5/8,3899.2386,7328.3332,5609.5764,6306.4085,173.7334
2018/5/9,3885.4766,7320.0896,5586.8058,6295.9645,173.5599
2018/5/10,3910.2276,7341.985,5608.4013,6326.2519,173.5986
2018/5/11,3882.1893,7328.9715,5556.2029,6289.4684,173.6733
2018/5/14,3939.2,7409.1186,5507.942,6270.7712,173.6766
2018/5/15,3947.6876,7402.7853,5565.564,6330.7666,173.5231
2018/5/16,3922.282,7310.6189,5529.8211,6326.0878,173.4984
2018/5/17,3886.2943,7267.4345,5499.4848,6309.1902,173.4538
2018/5/18,3916.1166,7366.1278,5524.9338,6366.6042,173.5271
2018/5/21,3949.3775,7380.1412,5592.7289,6426.3462,173.6897
2018/5/22,3922.4788,7313.5284,5617.6225,6448.0448,173.8926
2018/5/23,3860.6008,7210.2194,5546.942,6338.2438,174.0884
2018/5/24,3822.2687,7156.2116,5517.8277,6316.5334,174.1634
2018/5/25,3783.1435,7155.4567,5430.3464,6268.05,174.4047
2018/5/28,3808.0935,7182.1359,5391.2475,6269.7332,174.4401
2018/5/29,3774.245,7153.7758,5343.4767,6198.5936,174.4622
2018/5/30,3680.0548,6995.8401,5207.4241,6057.9096,174.5347
2018/5/31,3775.436,7135.4667,5277.9453,6176.5179,174.4103
2018/6/1,3742.6531,7104.9504,5198.6876,6095.2782,174.3682
2018/6/4,3765.1294,7222.0827,5167.2867,6104.6636,174.2172
2018/6/5,3814.4443,7252.2495,5253.7833,6166.2365,174.16
2018/6/6,3798.1475,7218.9088,5257.1607,6151.673,174.1228
2018/6/7,3797.535,7223.0706,5210.8121,6136.3237,174.0832
2018/6/8,3751.1824,7115.5495,5157.8092,6055.6529,174.2011
2018/6/11,3762.0807,7156.1272,5114.4341,6010.2292,174.2425
2018/6/12,3806.0961,7224.9559,5174.5166,6103.4767,174.0949
2018/6/13,3752.2815,7199.5142,5103.6884,6029.8151,174.2421
2018/6/14,3726.6403,7199.5128,5069.7127,6006.2893,174.4243
2018/6/15,3698.8163,7225.448,4973.8563,5933.4795,174.5755
2018/6/19,3525.4761,7072.8432,4668.8753,5571.5838,174.9663
2018/6/20,3536.853,7040.1291,4726.1482,5659.9544,174.8139
2018/6/21,3467.1418,6998.3676,4626.1148,5589.8548,175.0041
2018/6/22,3501.1211,6988.3736,4687.1872,5658.5171,175.1162
2018/6/25,3455.6168,6853.8304,4650.793,5627.782,175.1356
2018/6/26,3460.4178,6748.8668,4684.9039,5608.0012,175.1899
2018/6/27,3387.3976,6621.5544,4628.54,5540.7648,175.3548
2018/6/28,3370.1054,6558.6429,4577.8149,5468.3399,175.6711
2018/6/29,3472.4664,6699.5559,4739.8564,5602.8226,176.1964
2018/7/2,3372.6986,6428.6235,4677.128,5494.0195,176.4315
2018/7/3,3375.3141,6447.7132,4716.8532,5515.597,176.5114
2018/7/4,3295.392,6390.211,4634.5169,5458.0372,176.5248
2018/7/5,3259.9338,6416.017,4515.9631,5319.298,176.7411
2018/7/6,3293.7892,6466.3788,4519.6001,5324.8127,176.6624
2018/7/9,3395.3135,6656.641,4626.265,5450.5742,176.5648
2018/7/10,3410.5141,6652.1002,4648.9961,5485.0729,176.5013
2018/7/11,3345.7067,6544.1643,4548.636,5388.1215,176.6152
2018/7/12,3435.2324,6636.3994,4677.392,5518.3139,176.6504
2018/7/13,3450.1554,6624.017,4707.7521,5559.0957,176.8787
2018/7/16,3435.0888,6535.1719,4712.3945,5550.0734,177.0568
2018/7/17,3412.0851,6492.4259,4708.4721,5533.9338,177.0864
2018/7/18,3380.2201,6464.869,4693.7004,5518.5071,177.2739
2018/7/19,3384.6939,6488.4412,4633.4441,5483.6315,177.5734
2018/7/20,3439.6423,6669.2203,4686.2142,5536.8519,177.4032
2018/7/23,3480.3183,6782.2238,4712.6818,5583.8446,177.4127
2018/7/24,3534.8152,6873.9124,4776.4611,5695.5116,177.0908
2018/7/25,3507.8867,6872.8978,4784.5174,5693.4859,177.0815
2018/7/26,3459.2789,6807.9469,4743.8128,5679.9595,177.1887
2018/7/27,3437.0991,6773.8193,4720.6516,5666.0304,177.4263
2018/7/30,3421.023,6840.1884,4637.554,5610.9412,177.6182
2018/7/31,3420.0648,6849.5686,4632.9325,5618.8355,177.9634
2018/8/1,3347.4719,6702.08,4546.8106,5507.4838,178.107
2018/8/2,3256.1211,6561.8643,4447.1108,5408.241,178.1659
2018/8/3,3183.2643,6493.257,4375.1953,5342.5501,178.4106
2018/8/6,3128.6331,6474.7801,4280.1816,5251.7415,178.6127
2018/8/7,3225.1618,6670.2187,4382.0824,5387.7881,178.7243
2018/8/8,3160.9833,6582.4899,4297.3305,5322.6087,178.4754
2018/8/9,3255.1232,6718.2671,4418.0802,5418.0668,177.9704
2018/8/10,3272.5945,6699.8401,4450.6402,5441.9894,177.9124
2018/8/13,3272.853,6631.9506,4480.3189,5438.8359,177.5445
2018/8/14,3243.941,6595.5316,4454.1242,5424.6936,177.7301
2018/8/15,3165.2533,6452.2535,4353.3478,5298.9282,177.6803
2018/8/16,3156.824,6430.4711,4300.5295,5246.1828,177.4969
2018/8/17,3101.5843,6363.4617,4219.3613,5163.9841,176.9549
2018/8/20,3139.1851,6455.187,4212.9415,5182.1303,176.9113
2018/8/21,3192.9494,6552.9465,4272.0141,5246.0352,176.7541
2018/8/22,3161.244,6543.5557,4213.3889,5199.1901,176.9573
2018/8/23,3168.8917,6555.5833,4250.1124,5210.123,177.2215
2018/8/24,3159.9235,6597.1634,4241.6386,5207.2842,177.226
2018/8/27,3240.5742,6725.2224,4351.4713,5311.746,177.1492
2018/8/28,3235.7113,6714.4584,4353.0623,5317.3145,177.1751
2018/8/29,3212.6298,6683.5919,4310.3193,5279.3888,177.1893
2018/8/30,3171.9249,6629.7953,4239.4872,5227.6965,177.3548
2018/8/31,3135.6755,6637.441,4179.9108,5176.6479,177.4833
2018/9/3,3113.6159,6608.5415,4189.1543,5190.0734,177.3429
2018/9/4,3147.6974,6700.3987,4247.5354,5234.8327,177.2885
2018/9/5,3087.8469,6544.1609,4182.8849,5154.394,177.3058
2018/9/6,3047.3274,6480.5807,4149.3756,5115.4676,177.2822
2018/9/7,3040.8629,6539.7038,4168.2652,5142.5712,177.2171
2018/9/10,2971.3234,6493.2824,4077.7358,5072.0242,177.0093
2018/9/11,2974.6934,6443.5904,4078.7462,5054.5206,176.8622
2018/9/12,2956.2213,6412.5611,4062.239,5030.5649,176.9656
2018/9/13,2983.2574,6511.4605,4071.454,5064.0689,177.0435
2018/9/14,2986.4707,6542.1166,4021.6121,5042.5406,177.1658
2018/9/17,2951.9677,6472.025,3954.3382,4977.6265,177.3025
2018/9/18,2995.6437,6609.1571,4015.5345,5070.2401,177.3016
2018/9/19,3033.019,6684.3834,4066.2712,5133.3151,177.2275
2018/9/20,3035.7349,6686.9227,4065.3247,5138.3328,177.131
2018/9/21,3116.0064,6922.7051,4120.2291,5224.3381,177.2308
2018/9/25,3084.0647,6853.3652,4104.4549,5209.669,177.3359
2018/9/26,3118.6091,6918.8435,4129.8041,5235.1833,177.5209
2018/9/27,3095.4396,6903.8967,4079.8205,5188.6455,177.7479
2018/9/28,3120.4938,6970.3182,4109.3222,5237.0884,177.8583
2018/10/8,2985.5505,6690.4024,3967.0749,5088.4075,178.0996
2018/10/9,2987.7879,6687.9837,3955.1558,5097.5677,178.1408
2018/10/10,2980.8063,6713.8671,3944.4227,5092.3725,178.2299
2018/10/11,2827.8651,6451.1258,3679.7882,4769.0236,178.5557
2018/10/12,2850.7216,6579.9471,3670.5354,4774.9126,178.5993
2018/10/15,2816.3248,6474.0999,3617.3429,4686.3816,178.6342
2018/10/16,2770.3167,6461.6577,3525.6165,4575.076,178.696
2018/10/17,2792.1125,6514.2706,3551.7097,4611.2248,178.7339
2018/10/18,2750.2124,6356.5545,3442.26,4489.7921,178.9543
2018/10/19,2817.4571,6551.2209,3540.0168,4601.4284,179.0032
2018/10/22,2972.6329,6752.0996,3716.5511,4823.287,178.9321
2018/10/23,2912.727,6581.0373,3661.4596,4730.5247,179.0207
2018/10/24,2907.6317,6634.036,3649.3757,4736.9328,179.2185
2018/10/25,2919.5279,6671.6723,3637.82,4736.1574,179.3829
2018/10/26,2887.6331,6659.6754,3632.8996,4735.0659,179.4404
2018/10/29,2791.3116,6445.399,3580.7115,4637.2043,179.721
2018/10/30,2822.7379,6511.2102,3621.4905,4676.9185,179.8453
2018/10/31,2857.3886,6587.0473,3684.9786,4757.9318,179.8609
2018/11/1,2901.0972,6605.0507,3716.8352,4782.3243,179.9811
2018/11/2,3024.5744,6795.4266,3855.7474,4912.124,179.7502
2018/11/5,3009.0152,6731.7574,3856.2785,4916.3417,179.8605
2018/11/6,2967.0997,6707.0647,3847.63,4916.4174,180.0315
2018/11/7,2943.1973,6670.9868,3834.3092,4885.9497,180.281
2018/11/8,2911.4154,6681.8137,3814.5871,4858.3904,180.3521
2018/11/9,2885.5229,6524.1499,3812.2734,4843.1558,180.3888
2018/11/12,2950.397,6562.9591,3921.625,4956.0067,180.4501
2018/11/13,2994.8641,6604.1326,4003.7845,5047.9008,180.5537
2018/11/14,2962.0727,6539.6351,3990.2421,5031.1738,181.0597
2018/11/15,2998.8972,6609.3731,4039.7255,5096.6437,181.3127
2018/11/16,3034.5847,6622.5707,4061.5808,5145.6945,181.7549
2018/11/19,3073.0411,6691.7517,4059.0077,5178.1197,181.8552
2018/11/20,2968.3918,6570.341,3961.933,5034.9754,181.7519
2018/11/21,2972.2429,6571.8646,3986.097,5059.9003,181.8253
2018/11/22,2963.4057,6536.1799,3982.2851,5056.0871,181.7342
2018/11/23,2884.0241,6435.8703,3829.9134,4875.0959,181.6469
2018/11/26,2874.8463,6456.1905,3810.2807,4873.3146,181.616
2018/11/27,2873.6264,6428.1593,3829.8803,4883.4383,181.6142
2018/11/28,2931.5171,6492.3719,3877.2896,4946.1718,181.7375
2018/11/29,2874.0755,6433.3304,3797.0289,4860.3725,181.9558
2018/11/30,2910.796,6486.4657,3824.0049,4896.0159,182.0093
2018/12/3,3008.5788,6633.8205,3954.5729,5033.4236,182.1034
2018/12/4,3012.5376,6642.7365,3978.8293,5058.7561,182.5197
2018/12/5,2999.9879,6604.3442,3965.3772,5026.6382,182.692
2018/12/6,2922.0501,6501.0611,3873.9723,4937.7325,182.8739
2018/12/7,2922.8908,6508.1802,3872.3455,4939.6643,182.9867
2018/12/10,2880.0101,6442.1712,3837.5969,4886.6891,183.2385
2018/12/11,2892.6552,6454.9729,3877.3397,4924.9935,183.3256
2018/12/12,2905.153,6489.6033,3865.0986,4939.1903,183.3557
2018/12/13,2956.5142,6587.8136,3907.7216,4995.7957,182.8321
2018/12/14,2898.5405,6504.1892,3801.5562,4900.4599,182.7499
2018/12/17,2887.3332,6514.1549,3776.6341,4896.8136,182.5508
2018/12/18,2852.2683,6448.3412,3766.1416,4866.7144,182.608
2018/12/19,2808.5629,6393.8347,3705.9153,4809.3608,182.7627
2018/12/20,2815.9377,6312.6993,3715.5031,4813.4526,183.0696
2018/12/21,2768.2132,6255.0744,3687.1484,4774.4314,183.0889
2018/12/24,2773.3047,6250.92,3723.0272,4820.6303,183.0558
2018/12/25,2746.6977,6219.7133,3698.3914,4767.8344,183.1432
2018/12/26,2732.9707,6195.9819,3679.5635,4757.1696,183.2512
2018/12/27,2718.4957,6181.8542,3633.9541,4713.1135,183.5005
2018/12/28,2738.7079,6199.8684,3645.1184,4732.3511,183.9771
2019/1/2,2719.8813,6096.9658,3608.4453,4687.0068,184.5715
2019/1/3,2710.2151,6121.5476,3578.641,4664.2323,184.7825
2019/1/4,2794.1068,6230.3685,3664.0763,4764.3407,184.7633
2019/1/7,2825.4614,6235.4634,3729.5861,4830.6445,184.8079
2019/1/8,2819.4879,6213.6043,3728.1935,4828.9163,185.176
2019/1/9,2859.4342,6292.9908,3743.8096,4841.0561,185.0853
2019/1/10,2860.76,6275.6099,3734.4837,4830.7433,185.0222
2019/1/11,2880.0959,6327.3392,3755.7453,4860.3371,184.9974
2019/1/14,2859.6781,6269.9312,3716.1804,4840.6798,184.8959
2019/1/15,2934.135,6363.7797,3764.4702,4886.7513,184.798
2019/1/16,2933.065,6376.5079,3761.5255,4885.053,185.2592
2019/1/17,2908.8174,6350.2782,3728.6988,4855.9181,185.3378
2019/1/18,2965.9493,6471.6679,3757.3428,4900.5683,185.2192
2019/1/21,2979.3059,6513.1132,3774.8713,4917.0959,185.1484
2019/1/22,2930.4314,6439.0806,3724.5353,4854.9812,185.1214
2019/1/23,2929.5672,6438.6961,3725.0347,4876.2906,185.1194
2019/1/24,2949.5091,6474.2119,3743.2735,4884.7385,185.0384
2019/1/25,2974.3704,6554.3793,3728.3999,4872.7793,184.9037
2019/1/28,2972.8742,6560.6955,3707.9645,4854.2213,184.8401
2019/1/29,2977.7203,6612.3543,3654.9176,4820.0345,185.0457
2019/1/30,2942.9748,6575.7056,3617.239,4788.4618,185.2539
2019/1/31,2969.817,6685.1169,3574.8732,4748.7726,185.3927
2019/2/1,3039.1393,6714.8958,3683.3514,4858.1282,185.4435
2019/2/11,3139.7762,6765.2484,3786.1908,4959.9173,185.7908
2019/2/12,3164.3174,6786.1866,3838.3441,5011.2621,185.8357
2019/2/13,3242.3032,6894.0173,3902.2652,5071.0195,185.8615
2019/2/14,3262.5534,6872.8045,3912.9999,5083.269,185.7921
2019/2/15,3203.7306,6716.7407,3901.0235,5052.2893,185.8002
2019/2/18,3329.3558,6882.987,4036.5064,5206.9156,185.631
2019/2/19,3322.3589,6877.9515,4051.8361,5216.491,185.6213
2019/2/20,3339.3808,6911.5236,4059.7944,5217.7839,185.6492
2019/2/21,3351.0587,6871.721,4061.4819,5190.024,185.6399
2019/2/22,3448.4742,6950.9942,4154.9168,5287.6429,185.6671
2019/2/25,3637.8931,7382.8221,4380.1446,5558.9642,185.2928
2019/2/26,3614.9799,7245.8041,4374.6349,5575.6633,185.0999
2019/2/27,3575.3177,7280.8384,4335.9916,5561.5974,185.2376
2019/2/28,3562.2648,7242.6971,4362.2181,5569.3857,185.2
2019/3/1,3646.9239,7429.8714,4395.9311,5624.5537,185.0643
2019/3/4,3707.175,7491.5715,4496.9224,5706.5068,185.0323
2019/3/5,3747.6752,7491.9767,4623.0348,5824.6949,184.9567
2019/3/6,3778.8027,7534.9467,4724.866,5936.4257,184.975
2019/3/7,3739.51,7391.8194,4773.0336,6001.3507,185.2822
2019/3/8,3613.1149,7117.7139,4601.2538,5709.2892,185.4616
2019/3/11,3705.337,7182.4187,4798.6153,5911.6624,185.4828
2019/3/12,3727.9616,7223.9929,4907.5295,6009.9319,185.4302
2019/3/13,3654.257,7238.9926,4772.3907,5911.9265,185.4189
2019/3/14,3621.7946,7241.6012,4644.3347,5803.9915,185.329
2019/3/15,3684.2731,7321.989,4695.4578,5920.1967,185.3763
2019/3/18,3807.0526,7482.66,4824.1184,6079.6111,185.3587
2019/3/19,3771.554,7463.5438,4843.7565,6084.3027,185.3631
2019/3/20,3756.2583,7483.4692,4810.0314,6094.6909,185.3406
2019/3/21,3756.8162,7449.4181,4869.1775,6143.066,185.4438
2019/3/22,3745.9557,7424.2156,4877.0951,6188.7401,185.6068
2019/3/25,3646.1624,7233.251,4834.68,6093.9495,185.8873
2019/3/26,3598.535,7198.8398,4704.1666,5950.7609,185.9469
2019/3/27,3638.0014,7286.2701,4743.2781,6020.8499,185.9191
2019/3/28,3633.4347,7225.0803,4673.2759,5937.216,186.0438
2019/3/29,3796.3128,7474.1781,4820.3955,6105.7957,186.1033
2019/4/1,3910.4403,7657.062,5016.6813,6328.6434,185.7292
2019/4/2,3891.1771,7671.4156,5049.4841,6357.4742,185.5549
2019/4/3,3930.4077,7761.7212,5094.0362,6457.0466,185.0934
2019/4/4,3977.1479,7860.6328,5120.7516,6533.112,184.9324
2019/4/8,3965.8727,7903.1543,5095.0696,6579.6389,185.0114
2019/4/9,4003.7913,7893.6403,5109.7686,6540.935,184.6982
2019/4/10,4040.2642,7889.0225,5094.3842,6537.095,184.6818
2019/4/11,3934.6645,7764.1468,4984.7356,6414.8109,184.809
2019/4/12,3923.0769,7749.0056,4959.8875,6408.959,184.602
2019/4/15,3895.4479,7765.8519,4907.3716,6349.4238,184.1268
2019/4/16,3988.5803,8014.1455,4992.9074,6452.8546,183.928
2019/4/17,4010.8656,7989.4219,5034.529,6496.9987,183.9707
2019/4/18,4000.887,7942.2357,5007.7384,6461.8894,184.2431
2019/4/19,4069.3613,8053.9941,5041.0386,6494.0195,184.218
2019/4/22,3978.9595,7830.1093,4994.6271,6413.5332,184.0654
2019/4/23,3970.9913,7832.4009,4916.9635,6310.4449,183.9935
2019/4/24,3996.8312,7831.3928,4979.9707,6357.725,183.763
2019/4/25,3892.476,7686.5851,4793.3136,6098.2916,183.9046
2019/4/26,3826.822,7564.8186,4733.1661,6011.6859,184.0386
2019/4/29,3806.9091,7684.6796,4577.7377,5859.196,184.0257
2019/4/30,3817.7294,7706.3188,4627.3536,5955.8402,184.2085
2019/5/6,3545.0369,7360.7621,4274.1513,5536.5447,184.6677
2019/5/7,3596.9641,7391.525,4336.9413,5618.3105,184.6531
2019/5/8,3543.0841,7268.4686,4324.3876,5570.7853,184.8007
2019/5/9,3487.3324,7135.127,4269.7884,5501.2029,185.0784
2019/5/10,3631.4917,7350.9789,4431.6549,5670.2212,185.0934
2019/5/13,3555.6442,7216.6406,4387.9902,5628.1878,185.3921
2019/5/14,3528.4355,7185.3918,4355.3743,5568.7401,185.3022
2019/5/15,3619.2466,7309.0324,4445.4642,5683.2978,185.3498
2019/5/16,3631.7395,7337.0053,4465.6722,5727.0859,185.4523
2019/5/17,3526.7076,7200.6021,4305.1435,5539.3859,185.4246
2019/5/20,3482.4927,7161.8103,4262.1224,5479.2335,185.4653
2019/5/21,3546.2036,7224.8454,4338.3997,5564.5223,185.3376
2019/5/22,3526.6407,7199.7833,4303.883,5498.725,185.2182
2019/5/23,3442.4223,7095.2473,4198.6679,5402.4016,185.3394
2019/5/24,3454.8499,7139.1302,4161.4094,5385.5124,185.3913
2019/5/27,3509.8045,7178.5845,4277.1556,5499.5975,185.1206
2019/5/28,3557.9595,7248.4014,4274.2732,5502.7438,185.3079
2019/5/29,3548.9803,7239.6567,4288.2555,5508.5797,185.562
2019/5/30,3528.921,7211.6982,4263.8598,5488.3174,185.6048
2019/5/31,3507.6666,7184.3645,4251.6727,5471.8151,185.6323
2019/6/3,3509.7391,7205.5779,4191.6885,5417.8359,185.8683
2019/6/4,3471.5419,7156.4703,4135.9859,5357.4327,186.1269
2019/6/5,3477.9375,7168.5159,4126.0863,5343.4661,186.2097
2019/6/6,3429.374,7143.4412,4022.4469,5237.4211,186.2705
2019/6/10,3471.1871,7247.5302,4069.5712,5271.4513,186.2622
2019/6/11,3604.6743,7402.5907,4216.9875,5453.3321,186.0127
2019/6/12,3571.8161,7360.9703,4186.3381,5398.7926,186.0428
2019/6/13,3566.037,7334.3229,4205.9612,5432.4857,186.1464
2019/6/14,3529.9968,7294.0213,4127.5505,5344.4068,186.3821
2019/6/17,3517.0557,7308.8321,4122.9943,5361.4935,186.5258
2019/6/18,3529.3169,7338.0457,4124.6748,5343.6276,186.5484
2019/6/19,3577.1521,7417.7131,4179.3432,5400.1312,186.5177
2019/6/20,3686.3063,7640.5088,4245.916,5500.0621,186.6357
2019/6/21,3693.3496,7601.849,4319.0031,5559.4024,186.665
2019/6/24,3705.7258,7622.5913,4313.0781,5558.2245,186.6183
2019/6/25,3674.5511,7511.117,4257.0392,5497.8629,186.6842
2019/6/26,3673.3283,7494.8209,4251.423,5487.4028,186.6711
2019/6/27,3718.2531,7560.0529,4305.4273,5514.6376,186.6569
2019/6/28,3707.0865,7550.2466,4247.6571,5457.8297,186.8147
2019/7/1,3845.4457,7729.1296,4395.6793,5600.1262,186.9244
2019/7/2,3841.7375,7729.4358,4390.9309,5597.1993,187.4003
2019/7/3,3764.7386,7692.4441,4357.5919,5569.393,187.5996
2019/7/4,3740.93,7680.8053,4345.281,5572.4984,187.6695
2019/7/5,3777.4145,7697.524,4366.0036,5592.9532,187.5885
2019/7/8,3692.1755,7523.8242,4224.4063,5419.3591,187.5327
2019/7/9,3695.4699,7467.2353,4229.6152,5423.2633,187.5773
2019/7/10,3694.2872,7444.2987,4189.2689,5364.5641,187.5661
2019/7/11,3688.3812,7457.51,4190.9353,5366.975,187.6491
2019/7/12,3712.6557,7494.1138,4198.0437,5411.6012,187.7369
2019/7/15,3731.1697,7488.7124,4245.864,5456.0611,187.6926
2019/7/16,3706.4908,7457.0828,4258.4352,5480.2685,187.7012
2019/7/17,3710.4695,7444.3962,4257.3028,5476.5434,187.6875
2019/7/18,3666.9361,7410.34,4181.4863,5392.898,187.7804
2019/7/19,3696.3801,7504.2433,4212.5734,5425.4115,187.7734
2019/7/22,3678.0481,7478.2,4114.6662,5325.5911,187.9177
2019/7/23,3691.1988,7479.3224,4156.1624,5365.3723,187.9876
2019/7/24,3719.1054,7540.0214,4207.0731,5402.2521,187.9271
2019/7/25,3754.0936,7593.9585,4214.491,5404.661,187.9805
2019/7/26,3763.732,7614.1211,4214.3125,5411.8719,187.9761
2019/7/29,3761.6817,7594.8103,4219.8153,5398.7476,187.946
2019/7/30,3771.7182,7640.487,4236.6499,5427.2005,187.9645
2019/7/31,3744.0981,7545.6341,4206.3204,5389.2695,188.1485
2019/8/1,3713.9867,7474.1895,4183.1391,5347.5139,188.2253
2019/8/2,3666.7347,7377.5182,4123.528,5259.7563,188.6551
2019/8/5,3597.2471,7236.9316,4068.8116,5177.2466,189.0458
2019/8/6,3550.0207,7170.1593,3982.0515,5028.5982,189.0208
2019/8/7,3542.8741,7134.807,3977.5463,5021.0575,189.1494
2019/8/8,3595.7863,7225.8391,4012.9437,5040.3241,189.1893
2019/8/9,3545.9964,7181.5416,3976.6488,4988.918,189.3889
2019/8/12,3623.9815,7267.72,4062.2005,5052.9595,189.3755
2019/8/13,3590.3467,7183.242,4038.4007,5024.2755,189.6367
2019/8/14,3613.81,7184.2248,4060.2293,5055.8126,189.7436
2019/8/15,3622.5185,7202.5608,4085.6441,5056.8971,189.8113
2019/8/16,3646.6396,7216.7241,4113.1976,5069.5335,189.7646
2019/8/19,3738.2873,7328.8256,4240.1508,5212.4678,189.8764
2019/8/20,3745.08,7310.3185,4245.3562,5227.5869,189.8224
2019/8/21,3745.1937,7312.2232,4249.3645,5234.8305,189.6356
2019/8/22,3768.9879,7309.0862,4253.6074,5236.2414,189.6327
2019/8/23,3794.9138,7375.2212,4245.1151,5228.7344,189.5959
2019/8/26,3737.3324,7253.6905,4216.8107,5198.3199,189.7568
2019/8/27,3800.3604,7320.2867,4297.3155,5275.9529,189.7174
2019/8/28,3792.5982,7270.457,4281.0808,5250.4246,189.7026
2019/8/29,3784.956,7222.7391,4290.3198,5245.7734,189.7417
2019/8/30,3801.8429,7242.6923,4224.0643,5193.0033,189.5082
2019/9/2,3855.0048,7317.358,4340.868,5287.4053,189.4146
2019/9/3,3866.5791,7315.6441,4379.7921,5293.9414,189.4307
2019/9/4,3890.8927,7417.4705,4423.0535,5350.678,189.5822
2019/9/5,3933.04,7463.1207,4480.7141,5369.9438,189.9799
2019/9/6,3941.7205,7522.3175,4499.0166,5385.3368,190.0462
2019/9/9,3977.0999,7520.5948,4627.8758,5469.5305,190.0536
2019/9/10,3961.2,7481.6427,4608.3667,5469.5954,189.9498
2019/9/11,3912.8942,7491.3851,4588.5501,5453.082,189.9182
2019/9/12,3959.7702,7586.1025,4612.3024,5481.7795,189.6854
2019/9/16,3947.9082,7544.9223,4640.7224,5485.6425,189.6974
2019/9/17,3880.3006,7426.2799,4540.8073,5367.4026,189.6658
2019/9/18,3914.121,7437.0969,4535.2618,5371.8056,189.453
2019/9/19,3933.6456,7432.0132,4603.554,5386.0468,189.5148
2019/9/20,3944.3654,7437.9138,4619.5578,5384.5334,189.5361
2019/9/23,3895.6434,7351.0748,4577.0735,5317.8547,189.5946
2019/9/24,3915.6505,7348.7657,4585.6438,5325.5613,189.5179
2019/9/25,3876.3085,7314.7971,4492.5189,5253.0778,189.5256
2019/9/26,3838.5425,7338.5388,4355.0373,5192.1928,189.4068
2019/9/27,3867.1042,7321.0521,4393.8374,5202.7752,189.3332
2019/9/30,3828.6084,7273.2958,4330.3063,5164.0774,189.3877
2019/10/8,3848.8569,7356.7945,4322.7747,5189.5425,189.6894
2019/10/9,3829.5201,7389.1845,4358.524,5222.3964,189.7504
2019/10/10,3870.4164,7398.8955,4424.7227,5261.5617,189.6579
2019/10/11,3903.9388,7503.9189,4425.7051,5287.6902,189.5165
2019/10/14,3936.1819,7579.6078,4497.7932,5364.6898,189.4533
2019/10/15,3926.6273,7545.3537,4416.3469,5320.8925,189.4118
2019/10/16,3902.6788,7557.4023,4387.0722,5295.7085,189.4559
2019/10/17,3901.9141,7556.4597,4383.0543,5267.7241,189.528
2019/10/18,3859.9331,7442.3281,4324.4019,5190.3623,189.4091
2019/10/21,3864.3811,7487.916,4300.7154,5181.3092,189.196
2019/10/22,3891.7477,7495.5278,4354.0473,5218.0506,189.1718
2019/10/23,3869.901,7467.7891,4317.0862,5180.1633,189.2144
2019/10/24,3863.8165,7490.6849,4293.3246,5183.6293,189.2543
2019/10/25,3904.6626,7463.8886,4329.4492,5212.8856,189.1865
2019/10/28,3932.219,7460.1655,4425.8423,5267.7502,188.8341
2019/10/29,3931.4448,7437.2439,4348.9003,5205.5224,188.7344
2019/10/30,3909.9528,7411.7211,4312.2452,5158.4236,188.4188
2019/10/31,3908.3727,7413.7984,4285.0704,5132.0887,188.6014
2019/11/1,3990.0377,7593.7246,4320.5491,5182.1267,188.7607
2019/11/4,4018.3403,7643.6257,4360.3478,5195.4083,188.6685
2019/11/5,4049.0994,7686.4769,4379.321,5223.5647,189.0215
2019/11/6,4024.7734,7684.1285,4353.2333,5186.7659,189.1304
2019/11/7,4040.5963,7678.0272,4382.0024,5210.4817,189.0658
2019/11/8,4026.1701,7634.7557,4370.4409,5182.8478,189.0594
2019/11/11,3949.941,7498.0868,4265.1803,5062.8104,189.2739
2019/11/12,3943.2285,7485.0217,4279.1168,5068.823,189.3156
2019/11/13,3957.4349,7447.2182,4272.7688,5045.7008,189.4311
2019/11/14,3964.5981,7430.8803,4306.133,5054.0961,189.4043
2019/11/15,3924.9242,7410.8955,4267.6419,5001.4557,189.576
2019/11/18,3949.133,7478.8592,4284.7422,5032.7066,190.0214
2019/11/19,4007.8659,7516.6478,4382.6583,5104.8091,190.3276
2019/11/20,3968.1256,7428.5416,4354.3208,5067.4789,190.3862
2019/11/21,3946.4914,7384.4398,4356.9893,5071.3282,190.5
2019/11/22,3897.1778,7359.0847,4324.3271,5040.817,190.5474
2019/11/25,3915.7784,7492.7417,4307.7076,5108.7481,190.3742
2019/11/26,3946.919,7478.9087,4297.9177,5069.1216,190.4421
2019/11/27,3924.458,7439.3486,4310.3701,5066.969,190.4665
2019/11/28,3915.6872,7416.3582,4305.3881,5051.2494,190.5331
2019/11/29,3864.5812,7362.2477,4303.7435,5054.2782,190.6209
2019/12/2,3885.1255,7383.0071,4318.011,5064.8133,190.4907
2019/12/3,3898.6264,7427.7257,4345.9733,5082.3673,190.5851
2019/12/4,3912.6352,7412.906,4348.2565,5065.3807,190.7019
2019/12/5,3953.1581,7440.5615,4389.8135,5099.4409,190.7224
2019/12/6,3998.1743,7452.5758,4432.0104,5129.9868,190.7165
2019/12/9,3990.9756,7474.0518,4448.1625,5155.25,190.7186
2019/12/10,3996.9776,7469.3597,4473.9652,5150.5851,190.7855
2019/12/11,3975.4954,7502.4006,4452.9885,5141.0156,190.885
2019/12/12,3951.9985,7493.9321,4448.1794,5124.1017,190.9776
2019/12/13,4033.7463,7647.8225,4508.8836,5190.6854,190.9551
2019/12/16,4046.3514,7660.099,4597.3991,5249.655,190.9897
2019/12/17,4105.0141,7739.9887,4671.6045,5327.7576,190.8586
2019/12/18,4084.8295,7727.7589,4667.5337,5324.8839,190.8515
2019/12/19,4068.4308,7741.3638,4687.814,5357.905,190.9048
2019/12/20,4055.7558,7737.2646,4628.6338,5321.5819,191.2096
2019/12/23,4020.4229,7662.6112,4534.1727,5232.2632,191.4517
2019/12/24,4051.0294,7684.7086,4630.7124,5292.0442,191.6491
2019/12/25,4055.6594,7659.2341,4639.6652,5287.2511,191.78
2019/12/26,4075.9684,7734.4639,4675.1207,5331.522,191.9934
2019/12/27,4084.6379,7740.2601,4637.7672,5313.802,191.9921
2019/12/30,4149.0028,7810.0101,4676.1402,5387.6762,192.0245
2019/12/31,4172.0427,7824.2453,4694.3621,5419.27,192.0942
2020/1/2,4210.7348,7949.1048,4796.9321,5497.1349,191.9984
2020/1/3,4179.5719,7934.9212,4817.8328,5498.374,191.9473
2020/1/6,4156.2854,7859.2593,4891.4936,5530.896,192.0921
2020/1/7,4209.4466,7902.44,4977.3064,5604.86,192.102
2020/1/8,4183.5092,7826.2473,4910.8387,5525.3924,192.1796
2020/1/9,4264.796,7888.7281,4999.0105,5579.8911,192.2619
2020/1/10,4267.5781,7869.2199,4982.9511,5576.9294,192.4977
2020/1/13,4314.7822,7910.9445,5058.3621,5628.2151,192.5672
2020/1/14,4290.8107,7913.2914,5052.0929,5629.1622,192.4979
2020/1/15,4292.7828,7818.9682,5045.4336,5597.2087,192.525
2020/1/16,4282.3085,7769.2827,5037.3621,5563.8155,192.537
2020/1/17,4279.121,7786.4701,5019.9441,5541.656,192.6268
2020/1/20,4306.3907,7819.0018,5086.0823,5575.4191,192.9089
2020/1/21,4227.614,7667.6463,5023.6158,5499.8959,193.2291
2020/1/22,4254.4211,7674.3619,5079.0209,5514.616,193.3238
2020/1/23,4105.827,7467.6635,4923.5633,5341.6333,193.6574
2020/2/3,3791.5414,6936.5749,4497.3672,4849.2462,195.3855
2020/2/4,3937.5396,7114.0023,4602.7583,4922.3885,195.288
2020/2/5,4016.7351,7138.6241,4736.7064,5038.7941,195.2884
2020/2/6,4103.372,7215.3664,4889.4332,5161.6329,195.3508
2020/2/7,4084.6286,7185.7571,4930.2901,5173.3239,195.667
2020/2/10,4117.7026,7197.8639,4987.3578,5260.1606,195.9415
2020/2/11,4171.4187,7282.453,4961.7286,5243.7147,195.7664
2020/2/12,4195.1776,7298.3463,5071.6598,5308.9633,195.7546
2020/2/13,4159.883,7268.045,5013.5512,5244.4286,195.8016
2020/2/14,4177.7138,7319.0966,5028.6079,5261.6367,195.6572
2020/2/17,4256.9523,7428.6696,5186.459,5402.6044,195.4936
2020/2/18,4234.1625,7354.5096,5246.3799,5435.6273,195.6019
2020/2/19,4240.3234,7348.6825,5158.8777,5385.5561,195.5773
2020/2/20,4348.981,7460.0826,5229.5399,5479.5004,195.4507
2020/2/21,4359.1204,7419.9238,5311.5409,5522.0412,195.6818
2020/2/24,4341.096,7338.0762,5364.2794,5522.0073,195.9583
2020/2/25,4335.4357,7270.0479,5350.4198,5492.9112,195.9536
2020/2/26,4254.9007,7293.4728,5179.8343,5468.0785,196.0555
2020/2/27,4284.6902,7313.292,5196.8808,5472.1799,196.2751
2020/2/28,4122.5051,7133.9439,4917.8276,5264.8345,196.6047
2020/3/2,4254.4369,7349.3894,5106.3568,5494.5353,196.6273
2020/3/3,4296.4832,7347.7049,5175.2565,5546.8891,196.5916
2020/3/4,4315.5326,7407.7805,5183.6004,5606.5502,196.9829
2020/3/5,4440.0659,7558.4134,5252.6882,5710.5842,197.0009
2020/3/6,4371.8025,7419.1172,5232.5506,5677.602,197.4464
2020/3/9,4205.6555,7209.1072,5005.2912,5494.7667,198.6353
2020/3/10,4304.5396,7316.981,5121.7252,5580.7553,198.0183
2020/3/11,4246.5279,7231.7533,5044.0091,5518.5206,198.0149
2020/3/12,4129.3853,7128.205,4935.1476,5406.4666,197.9142
2020/3/13,4068.1182,6999.0172,4884.9446,5340.3285,197.5027
2020/3/16,3862.1043,6773.264,4640.6317,5161.5135,197.6074
2020/3/17,3828.5311,6736.8864,4647.4766,5156.1612,197.2979
2020/3/18,3770.5128,6603.7321,4568.9594,5060.3531,197.2179
2020/3/19,3715.2591,6422.0291,4580.748,5068.4186,197.1042
2020/3/20,3803.0666,6554.9979,4627.7682,5132.1497,197.3397
2020/3/23,3662.9756,6356.3225,4417.0678,4958.0586,197.7254
2020/3/24,3773.1071,6544.1412,4496.8246,5040.5115,197.8768
2020/3/25,3896.7954,6708.2408,4615.614,5144.1434,197.9939
2020/3/26,3872.3306,6679.0314,4580.5629,5107.3601,198.4107
2020/3/27,3887.5019,6711.1249,4541.4343,5119.3363,198.3813
2020/3/30,3847.3031,6674.0442,4437.7503,5051.6172,198.4796
2020/3/31,3910.6606,6634.5017,4440.0473,5061.7977,198.8422
2020/4/1,3899.694,6628.3292,4436.2769,5029.3995,199.2175
2020/4/2,3974.2864,6682.0228,4540.7019,5101.4679,199.0981
2020/4/3,3964.4201,6636.1955,4501.5727,5059.072,199.0244
2020/4/7,4072.3078,6732.1937,4646.2421,5184.1962,200.4561
2020/4/8,4045.6038,6689.1042,4656.9359,5175.2652,201.0991
2020/4/9,4058.7587,6688.849,4699.6974,5197.9733,200.9661
2020/4/10,4040.7621,6708.6175,4578.8255,5127.5253,200.778
2020/4/13,4043.015,6708.3006,4533.0438,5123.7311,200.7274
2020/4/14,4122.6186,6791.7063,4646.7985,5188.2899,200.8432
2020/4/15,4084.6561,6728.2903,4637.2503,5156.9551,201.0303
2020/4/16,4083.8451,6713.482,4672.2519,5168.6298,201.2347
2020/4/17,4137.1853,6792.992,4661.6769,5167.5999,201.1255
2020/4/20,4151.9672,6800.708,4710.5312,5213.5496,200.866
2020/4/21,4087.6556,6725.0115,4679.0686,5185.2199,201
2020/4/22,4157.8551,6740.6059,4718.5302,5223.3068,201.3274
2020/4/23,4155.2601,6734.157,4692.1761,5203.0038,201.7359
2020/4/24,4134.2692,6680.3919,4612.7729,5145.8778,201.8672
2020/4/27,4167.642,6732.3335,4601.1699,5161.0145,201.7579
2020/4/28,4221.1285,6766.5606,4544.0615,5091.321,201.8325
2020/4/29,4200.9068,6877.9621,4542.9408,5103.7226,202.0712
2020/4/30,4237.8129,6929.63,4660.8619,5190.4752,201.9095
2020/5/6,4289.9723,6892.4959,4751.1553,5235.4436,201.5475
2020/5/7,4291.5939,6855.175,4750.4021,5227.0968,200.9708
2020/5/8,4347.4286,6926.9772,4814.6423,5275.4214,200.8805
2020/5/11,4334.8358,6961.5387,4812.3101,5278.3004,200.0886
2020/5/12,4365.3112,6935.3842,4827.9493,5260.132,200.1117
2020/5/13,4389.3705,6918.087,4850.8527,5286.5983,199.9514
2020/5/14,4339.669,6841.1322,4802.5951,5231.8589,199.9865
2020/5/15,4310.9353,6822.9312,4811.1893,5228.1992,200.1843
2020/5/18,4349.6944,6836.3768,4773.5538,5243.8204,199.7478
2020/5/19,4390.4007,6887.1669,4822.0111,5274.415,199.6
2020/5/20,4359.5443,6881.4062,4770.1734,5238.7491,199.6982
2020/5/21,4353.573,6839.5159,4714.6423,5201.8372,199.6908
2020/5/22,4246.9955,6693.5795,4623.7778,5122.4081,200.2171
2020/5/25,4270.4217,6696.2791,4610.8302,5115.6622,199.6781
2020/5/26,4335.6403,6750.4397,4725.1004,5194.7932,199.0394
2020/5/27,4284.6816,6753.2511,4698.9146,5179.3769,198.6685
2020/5/28,4277.5797,6812.8928,4676.7796,5176.8191,198.7874
2020/5/29,4321.0354,6771.9425,4728.4814,5199.3816,198.8678
2020/6/1,4455.0374,6896.3663,4883.0963,5318.9384,198.7427
2020/6/2,4441.415,6960.4634,4890.0169,5345.0997,197.7438
2020/6/3,4441.2593,6968.9387,4884.8722,5346.3038,197.3554
2020/6/4,4460.08,6956.4566,4911.5799,5358.0028,196.9035
2020/6/5,4490.6427,6961.2809,4905.845,5360.3611,196.5753
2020/6/8,4518.7198,7040.0246,4889.9261,5360.9039,196.8818
2020/6/9,4552.636,7055.337,4924.936,5403.4995,196.9744
2020/6/10,4566.3718,6998.3098,4926.7074,5403.7457,196.9635
2020/6/11,4514.9439,6893.3712,4913.9314,5363.2395,197.3467
2020/6/12,4535.1497,6884.8831,4921.7973,5371.8442,197.6129
2020/6/15,4479.7963,6773.6695,4929.4615,5392.7372,197.6431
2020/6/16,4547.9922,6858.4442,5045.1185,5489.6034,197.0372
2020/6/17,4553.5885,6845.7647,5067.3265,5532.713,196.6946
2020/6/18,4593.0466,6876.3146,5064.7261,5560.3648,196.8661
2020/6/19,4684.8375,6906.377,5094.7409,5566.2162,196.7319
2020/6/22,4686.0282,6861.4667,5096.1469,5537.9697,196.3928
2020/6/23,4747.04,6824.0592,5132.6383,5533.2189,196.2277
2020/6/24,4768.1981,6889.5974,5125.7574,5522.4738,196.7112
2020/6/29,4766.7234,6828.5532,5109.9383,5482.3132,196.927
2020/6/30,4856.3266,6836.9917,5187.7671,5530.2855,197.2028
2020/7/1,4954.0824,7032.3734,5203.9855,5581.4527,197.1391
2020/7/2,5018.7391,7194.5218,5259.4308,5720.3043,197.2291
2020/7/3,5056.7233,7328.8924,5326.8245,5814.525,196.957
2020/7/6,5255.1381,7856.4312,5534.6905,6102.7935,195.8501
2020/7/7,5363.782,7816.5776,5592.3302,6116.2177,195.542
2020/7/8,5413.9209,7876.8767,5695.1405,6254.8849,195.0808
2020/7/9,5537.1245,7899.8903,5856.5646,6389.0668,194.48
2020/7/10,5514.3748,7596.7728,5834.7113,6303.1618,194.6878
2020/7/13,5686.3612,7631.7008,6028.4642,6492.1128,194.1992
2020/7/14,5653.654,7523.9907,5926.9059,6422.0614,194.5138
2020/7/15,5620.6104,7421.6462,5785.5577,6316.293,194.9149
2020/7/16,5267.5136,7254.1489,5468.5716,6068.3772,195.1953
2020/7/17,5366.3783,7280.0854,5492.9194,6064.2218,195.2632
2020/7/20,5461.6977,7574.8628,5656.3142,6321.7004,195.4736
2020/7/21,5525.028,7511.7927,5703.8822,6334.2248,196.054
2020/7/22,5585.2594,7494.0359,5757.581,6358.2682,196.3037
2020/7/23,5631.162,7411.511,5745.5062,6346.031,196.2308
2020/7/24,5342.6458,7191.9467,5448.7748,6067.621,196.6516
2020/7/27,5398.1852,7184.0685,5457.4341,6078.4178,196.6462
2020/7/28,5489.9658,7205.5077,5525.1258,6120.2845,196.2956
2020/7/29,5631.9855,7325.5639,5667.9087,6241.8824,196.0954
2020/7/30,5622.0282,7257.1641,5640.0363,6256.5314,196.0296
2020/7/31,5681.8181,7271.3198,5721.8853,6323.5171,195.7243
2020/8/3,5754.5634,7357.5051,5869.7052,6487.8371,195.7689
2020/8/4,5712.3841,7480.9711,5843.569,6484.9344,195.8265
2020/8/5,5726.1928,7404.5224,5896.8074,6488.2809,195.7076
2020/8/6,5642.0538,7439.7749,5895.4371,6449.8274,195.5518
2020/8/7,5572.8037,7384.352,5825.3924,6407.6971,195.4439
2020/8/10,5564.4056,7465.3117,5847.6552,6489.1335,195.7799
2020/8/11,5532.3081,7428.8603,5717.2177,6352.5357,195.81
2020/8/12,5446.1096,7430.8664,5643.5146,6298.6577,195.7283
2020/8/13,5432.4978,7414.5722,5642.9671,6322.4674,195.7938
2020/8/14,5527.2716,7527.1083,5691.3151,6352.1826,195.9734
2020/8/17,5603.7458,7724.5525,5813.5772,6496.8796,196.1177
2020/8/18,5625.8575,7669.6573,5859.9588,6548.2841,195.9728
2020/8/19,5522.8816,7583.6744,5744.5566,6471.8978,195.753
2020/8/20,5456.3311,7510.6259,5689.8048,6392.8609,195.4952
2020/8/21,5523.3929,7538.8469,5722.7886,6408.2713,195.6622
2020/8/24,5620.529,7539.7548,5774.243,6446.0305,195.5584
2020/8/25,5660.7787,7517.8327,5764.1623,6393.9666,195.1575
2020/8/26,5610.8503,7439.7109,5623.2383,6280.9926,195.0977
2020/8/27,5659.704,7427.5571,5669.6457,6316.3165,195.0042
2020/8/28,5820.4317,7581.4203,5764.5648,6417.8393,194.8429
2020/8/31,5802.881,7527.0551,5743.7621,6392.7591,195.2001
2020/9/1,5852.5352,7541.5216,5773.0049,6414.5533,195.039
2020/9/2,5874.3818,7509.5392,5799.5136,6401.3729,194.6978
2020/9/3,5841.3267,7495.1216,5753.4574,6365.4576,194.5999
2020/9/4,5752.4453,7455.5074,5715.7998,6316.2407,194.4935
2020/9/7,5563.1778,7402.2477,5615.911,6216.1707,194.2824
2020/9/8,5565.1017,7510.8963,5645.8362,6283.0537,194.4078
2020/9/9,5400.6707,7414.4072,5474.616,6193.8794,194.7754
2020/9/10,5438.9619,7436.6647,5338.6089,6084.3911,194.8882
2020/9/11,5524.4832,7436.3014,5422.424,6131.8851,194.6737
2020/9/14,5568.67,7493.6831,5504.2499,6150.9728,194.5618
2020/9/15,5620.0543,7555.9864,5537.5107,6182.2057,194.8721
2020/9/16,5534.9596,7554.6727,5509.9713,6176.8178,194.8542
2020/9/17,5485.9385,7551.107,5533.8505,6182.0407,194.7962
2020/9/18,5570.3211,7745.6537,5606.5665,6298.0092,194.8385
2020/9/21,5510.2409,7656.9254,5577.3199,6255.6435,195.0688
2020/9/22,5477.2784,7532.193,5478.1489,6155.99,195.2051
2020/9/23,5530.4588,7502.4007,5502.5789,6157.0783,195.1829
2020/9/24,5424.3268,7383.4603,5356.894,6003.6234,195.214
2020/9/25,5430.7651,7360.9583,5342.2556,5995.8175,194.9707
2020/9/28,5458.1415,7400.5214,5289.3639,5967.4158,195.0794
2020/9/29,5505.8587,7363.8494,5347.1899,5989.5735,194.9753
2020/9/30,5526.5809,7329.7785,5326.1779,5951.5501,194.8641
2020/10/9,5670.076,7414.0531,5502.5057,6116.1415,194.6346
2020/10/12,5853.7527,7598.9833,5670.29,6273.4762,194.7359
2020/10/13,5887.2147,7616.5613,5684.2916,6275.8932,194.752
2020/10/14,5840.7138,7585.1746,5669.7414,6265.6766,194.667
2020/10/15,5811.4537,7613.0081,5621.0359,6232.4221,194.61
2020/10/16,5766.6435,7647.041,5596.6955,6243.7651,194.6172
2020/10/19,5701.1494,7637.0183,5549.4389,6196.1896,194.8459
2020/10/20,5788.8019,7632.0794,5600.4495,6229.7257,194.9197
2020/10/21,5755.9809,7719.6366,5512.6667,6178.1435,195.0569
2020/10/22,5736.9298,7707.1176,5463.7069,6132.4315,195.3116
2020/10/23,5603.6646,7708.1821,5363.3366,6083.0129,195.2218
2020/10/26,5588.8676,7655.4004,5386.7075,6067.6486,195.249
2020/10/27,5617.4497,7609.8136,5409.9905,6047.6208,195.5079
2020/10/28,5710.2061,7589.3516,5443.1215,6060.2942,195.453
2020/10/29,5799.9935,7608.0799,5447.3011,6059.191,195.496
2020/10/30,5703.3474,7522.3413,5326.8288,5923.5083,195.5604
2020/11/2,5763.9427,7599.1083,5374.0886,5963.6357,195.7199
2020/11/3,5813.5388,7690.8446,5452.4856,6044.2325,195.8284
2020/11/4,5876.7712,7795.3521,5438.9142,6036.4929,195.9375
2020/11/5,5957.465,7889.7407,5556.156,6154.7506,195.868
2020/11/6,5954.2765,7948.4638,5509.129,6141.3926,195.73
2020/11/9,6074.9844,8042.31,5622.9899,6243.6072,195.5907
2020/11/10,6029.383,8025.3331,5594.1721,6222.6805,195.6214
2020/11/11,5931.8494,8056.7065,5526.2477,6229.5174,195.6621
2020/11/12,5975.9876,8023.8762,5564.5819,6259.1878,195.5547
2020/11/13,5915.7494,7907.1027,5584.5029,6195.6831,195.4336
2020/11/16,5972.9636,8010.5001,5669.7139,6344.6182,195.5015
2020/11/17,5921.2318,8076.041,5614.2,6331.3595,195.4678
2020/11/18,5843.0156,8144.9821,5607.4889,6353.7954,195.2547
2020/11/19,5930.3943,8197.1602,5587.7922,6321.6435,195.0136
2020/11/20,5952.4318,8182.0025,5658.6175,6385.0175,195.0441
2020/11/23,6016.9558,8287.7932,5718.8533,6474.1517,195.3945
2020/11/24,5963.7484,8199.5515,5741.4202,6455.5237,195.3567
2020/11/25,5842.6753,8173.9923,5630.5703,6345.349,195.5128
2020/11/26,5829.279,8215.1661,5584.0599,6325.0723,195.5431
2020/11/27,5889.751,8354.0992,5577.8218,6327.0253,195.5312
2020/11/30,5858.806,8277.6889,5548.6609,6288.5855,196.0429
2020/12/1,5973.7703,8449.7593,5630.4646,6373.9818,195.9645
2020/12/2,5986.96,8461.2806,5656.6873,6385.1879,195.8117
2020/12/3,6006.732,8388.2314,5633.6555,6337.8581,195.8374
2020/12/4,6066.9916,8320.3671,5682.5274,6334.2708,195.9978
2020/12/7,6080.2031,8167.8387,5668.4808,6272.3535,196.0408
2020/12/8,6086.0665,8103.1971,5684.0719,6250.025,196.2491
2020/12/9,5998.9252,8029.7827,5603.2106,6168.1816,196.2835
2020/12/10,6019.2524,8012.5321,5632.708,6194.9523,196.3927
2020/12/11,5972.6798,7916.3522,5543.005,6118.1479,196.2107
2020/12/14,6038.4338,7972.3055,5611.2167,6129.8663,196.283
2020/12/15,6074.2861,7950.8335,5615.4174,6121.0431,196.4251
2020/12/16,6131.2439,7970.8426,5590.9471,6099.3421,196.5444
2020/12/17,6192.088,8056.868,5665.3109,6177.6545,196.5392
2020/12/18,6171.4789,8021.8533,5674.9758,6196.695,196.5912
2020/12/21,6272.4272,8001.2353,5794.8243,6255.0004,196.8474
2020/12/22,6235.1742,7832.2637,5627.1266,6086.7374,197.2001
2020/12/23,6283.7758,7883.4876,5680.3821,6142.6837,197.2731
2020/12/24,6274.1573,7885.297,5611.3399,6065.9096,197.1385
2020/12/25,6338.1568,7908.8912,5702.5933,6162.9204,197.3411
2020/12/28,6394.794,7960.1573,5659.2037,6141.6891,197.5663
2020/12/29,6356.3268,7949.4886,5609.9835,6065.5567,197.6879
2020/12/30,6501.9352,7973.0921,5661.2057,6097.1129,197.9837
2020/12/31,6645.1957,8079.4363,5763.324,6154.797,197.9886
2021/1/4,6804.5854,8035.3693,5892.2375,6223.7623,197.7181
2021/1/5,7038.27,8014.7097,5900.0171,6216.5323,198.0038
2021/1/6,7115.9081,8128.5741,5869.5327,6205.4961,198.135
2021/1/7,7298.2716,8231.7553,5902.3518,6190.302,198.2749
2021/1/8,7211.7993,8285.7154,5925.2493,6198.9077,198.1841
2021/1/11,7125.3655,8264.3964,5876.1261,6092.6798,198.1155
2021/1/12,7330.4171,8423.5304,5931.0087,6144.2287,198.2394
2021/1/13,7265.1067,8462.6869,5898.0841,6152.5679,198.5093
2021/1/14,7062.2408,8386.1108,5879.2772,6126.289,198.6436
2021/1/15,7007.5774,8452.507,5887.4783,6143.9623,198.2924
2021/1/18,7044.5403,8490.5269,6000.8284,6214.4128,198.1115
2021/1/19,6898.9457,8460.8121,5911.5169,6192.6145,198.1341
2021/1/20,7042.0387,8404.9728,5985.4045,6196.3309,198.2651
2021/1/21,7203.9288,8447.6571,6088.7544,6250.6544,198.4934
2021/1/22,7314.8682,8343.6605,6124.4692,6204.6861,198.5672
2021/1/25,7444.4414,8373.8842,6127.6643,6187.3375,198.551
2021/1/26,7257.1452,8281.1326,6003.1083,6114.9178,198.2245
2021/1/27,7271.4861,8316.9862,6001.4687,6128.5224,198.1832
2021/1/28,7029.8047,8164.5949,5843.4016,6000.4251,197.8822
2021/1/29,7032.3219,8104.7072,5791.4198,5924.5486,197.9564
2021/2/1,7119.9744,8197.1529,5818.4696,5969.7872,198.1557
2021/2/2,7306.7497,8204.5004,5918.3238,5977.1168,198.17
2021/2/3,7350.8242,8179.1051,5865.8731,5936.2353,197.8838
2021/2/4,7371.8083,8205.8954,5726.1193,5859.6841,197.696
2021/2/5,7383.6309,8287.03,5625.6731,5772.2053,197.7078
2021/2/8,7547.7512,8316.7766,5706.4494,5858.836,197.6994
2021/2/9,7752.3454,8374.2893,5847.4934,5997.874,197.8195
2021/2/10,8039.5518,8453.2519,5943.0853,6043.9391,197.7693
2021/2/18,7781.592,8554.9474,6020.7036,6242.554,197.552
2021/2/19,7743.2999,8622.7405,6091.4652,6418.7957,197.7904
2021/2/22,7333.3271,8534.222,6078.9195,6521.7474,197.8088
2021/2/23,7308.2504,8550.4158,6028.2281,6511.094,197.8586
2021/2/24,7044.0951,8467.8664,5932.4207,6432.7626,197.9655
2021/2/25,7022.9091,8677.6912,5918.7266,6453.2836,197.9321
2021/2/26,6861.4643,8464.1403,5789.6565,6285.5283,197.8679
2021/3/1,7046.3777,8475.8357,5952.7212,6416.7604,198.1276
2021/3/2,6935.1903,8384.1096,5920.7242,6338.9726,198.1839
2021/3/3,7030.5097,8625.0061,6019.0936,6490.4127,198.1804
2021/3/4,6687.9108,8511.1847,5881.9245,6416.6061,198.1466
2021/3/5,6679.5504,8414.9471,5842.8906,6355.983,198.2893
2021/3/8,6335.486,8316.3061,5704.0054,6304.3795,198.428
2021/3/9,6183.8004,8214.665,5581.1539,6233.2057,198.4068
2021/3/10,6316.1912,8197.4421,5560.7777,6174.2823,198.465
2021/3/11,6503.1108,8411.3801,5703.3733,6347.4684,198.4792
2021/3/12,6524.4638,8506.1461,5723.1567,6425.8288,198.4392
2021/3/15,6246.6575,8478.7931,5684.5273,6496.6307,198.3997
2021/3/16,6321.739,8569.7782,5712.383,6512.5669,198.4676
2021/3/17,6434.9824,8467.6497,5759.9426,6494.606,198.5624
2021/3/18,6535.549,8482.6759,5800.0065,6537.4123,198.5992
2021/3/19,6327.1864,8281.4798,5716.2207,6454.7955,198.7378
2021/3/22,6320.6974,8367.1502,5781.7709,6589.071,198.8839
2021/3/23,6250.521,8296.7203,5683.1681,6458.0809,198.9616
2021/3/24,6156.3817,8158.3953,5555.4864,6352.9081,199.1813
2021/3/25,6173.2991,8126.8059,5591.645,6298.5068,199.2362
2021/3/26,6374.9175,8217.1061,5746.2168,6385.8744,199.1984
2021/3/29,6403.6113,8244.1947,5781.2316,6443.0699,199.2063
2021/3/30,6501.1234,8299.8753,5803.3031,6438.7994,199.2364
2021/3/31,6424.243,8266.1435,5768.5775,6443.7097,199.3445
2021/4/1,6567.8294,8299.8826,5821.1451,6504.6517,199.3475
2021/4/2,6723.9308,8284.7087,5830.2769,6453.962,199.3816
2021/4/6,6657.1183,8249.0525,5871.3821,6487.5625,199.3909
2021/4/7,6556.9934,8234.2833,5886.0152,6566.966,199.3391
2021/4/8,6592.6998,8212.6675,5883.2393,6525.0339,199.3456
2021/4/9,6453.7825,8134.8888,5863.1528,6540.3249,199.4573
2021/4/12,6328.8779,8101.9945,5724.0216,6464.7994,199.6478
2021/4/13,6340.2973,8058.566,5703.3074,6395.3004,199.9926
2021/4/14,6431.4952,8071.5395,5784.9275,6458.4052,200.0428
2021/4/15,6393.8006,8012.7159,5772.7529,6444.9945,200.078
2021/4/16,6408.1847,8057.0427,5823.4131,6537.0925,200.1668
2021/4/19,6617.6753,8167.0858,5926.8872,6574.6595,200.3159
2021/4/20,6636.3502,8143.1144,5916.2212,6557.4358,200.4538
2021/4/21,6650.1308,8124.7276,5911.5069,6540.9252,200.5753
2021/4/22,6644.5066,8086.3682,5949.3928,6556.9956,200.57
2021/4/23,6787.0393,8101.6716,5970.7513,6536.5516,200.5484
2021/4/26,6674.6857,7983.8425,5959.802,6501.4373,200.289
2021/4/27,6730.0329,7987.499,5942.6788,6474.3546,200.2499
2021/4/28,6802.0296,7997.9602,5979.5956,6515.0716,200.3253
2021/4/29,6842.866,8102.2736,5967.924,6556.0461,200.4354
2021/4/30,6813.3276,7973.5134,5958.4279,6498.9782,200.6012
2021/5/6,6659.7851,7969.7664,5976.7631,6619.4411,200.8137
2021/5/7,6501.82,7971.7805,5957.7073,6692.2092,200.8449
2021/5/10,6492.9661,7989.911,6011.5578,6802.103,200.9653
2021/5/11,6566.1089,7979.6752,5955.6156,6768.3964,201.0975
2021/5/12,6610.9416,7979.7712,6028.4003,6836.6179,201.1683
2021/5/13,6525.607,7885.6125,5911.6777,6685.2952,201.0964
2021/5/14,6675.7185,8022.3685,5969.5816,6728.9674,201.1527
2021/5/17,6862.4356,8073.5728,6035.8556,6713.5744,201.1158
2021/5/18,6835.6776,8092.9583,6044.8805,6739.7707,201.1646
2021/5/19,6842.2954,8013.8824,6049.3042,6703.8083,201.3665
2021/5/20,6876.6238,8047.148,6017.124,6577.942,201.5803
2021/5/21,6818.4627,7995.2753,6025.3545,6614.665,201.8142
2021/5/24,6848.7727,7977.1545,6041.12,6619.0676,201.822
2021/5/25,7098.4243,8186.308,6121.1133,6678.8914,201.8393
2021/5/26,7068.9611,8229.5005,6129.1463,6706.6845,201.9625
2021/5/27,7108.5901,8223.3056,6215.325,6720.9429,201.896
2021/5/28,7075.9474,8219.1005,6237.6771,6715.9274,201.818
2021/5/31,7117.7675,8161.7876,6320.3282,6730.5776,201.9502
2021/6/1,7155.8027,8141.8056,6346.6771,6770.6894,202.0447
2021/6/2,7079.6205,8128.6102,6289.818,6744.02,201.9205
2021/6/3,7015.1443,8071.0544,6305.5418,6752.8668,202.004
2021/6/4,7061.7402,8104.6703,6342.6444,6699.2263,201.756
2021/6/7,7042.9425,8068.3275,6365.1933,6703.9868,201.5416
2021/6/8,6930.2609,8070.1391,6311.1716,6665.1661,201.5465
2021/6/9,6952.694,8083.1641,6306.6806,6709.6511,201.5406
2021/6/10,7063.0591,8070.9131,6388.9117,6729.9327,201.6461
2021/6/11,7015.1656,8059.1605,6327.9746,6705.0078,201.4605
2021/6/15,6966.6334,7935.7147,6272.537,6638.0551,201.5217
2021/6/16,6746.8619,7960.415,6120.7591,6538.1323,201.475
2021/6/17,6825.9214,7896.4591,6204.4733,6530.4816,201.3278
2021/6/18,6838.4642,7829.1346,6241.3637,6538.6342,201.4374
2021/6/21,6859.5901,7733.8382,6315.403,6545.8334,201.7353
2021/6/22,6916.7229,7792.8968,6320.0377,6613.3376,201.7867
2021/6/23,6945.8641,7839.2701,6370.5714,6657.2611,201.8797
2021/6/24,6968.6272,7851.7345,6340.2359,6680.5414,201.944
2021/6/25,7121.235,7950.9232,6391.8051,6714.7999,201.9772
2021/6/28,7208.0458,7877.5067,6419.2895,6645.1991,201.9353
2021/6/29,7154.712,7758.4172,6389.5993,6570.5357,202.0051
2021/6/30,7242.4824,7791.311,6455.7624,6588.6864,202.1183
2021/7/1,7267.4102,7886.7835,6371.3147,6526.0307,202.1003
2021/7/2,6979.7057,7709.2599,6315.4881,6509.3465,202.1652
2021/7/5,6984.9645,7661.7592,6371.1259,6534.6808,202.3291
2021/7/6,6916.8604,7724.9291,6367.2954,6567.6942,202.3162
2021/7/7,7081.5186,7720.6476,6497.9585,6581.9906,202.5748
2021/7/8,7045.5135,7556.6147,6488.0684,6492.1419,203.2699
2021/7/9,6971.2606,7499.9254,6561.5505,6580.379,203.1186
2021/7/12,7124.0273,7487.2241,6669.1359,6635.261,203.7082
2021/7/13,7112.4647,7517.6909,6703.1526,6745.8237,203.919
2021/7/14,7071.4419,7387.3371,6641.0755,6718.776,204.0214
2021/7/15,7198.7309,7496.7388,6688.7617,6771.1569,203.7997
2021/7/16,7020.3298,7455.2064,6655.0357,6820.1458,203.9038
2021/7/19,7088.4764,7448.8768,6588.2271,6773.9185,203.9927
2021/7/20,7104.143,7375.0047,6619.421,6758.667,204.2282
2021/7/21,7206.58,7305.5027,6721.3582,6789.5723,204.3792
2021/7/22,7163.7662,7371.8846,6773.978,6888.7543,204.366
2021/7/23,7006.8001,7330.7668,6764.9477,6872.3394,204.5575
2021/7/26,6733.0252,7096.3369,6662.4862,6777.0877,204.9924
2021/7/27,6420.4511,6888.4942,6478.9296,6566.0093,204.7729
2021/7/28,6524.2817,6943.9736,6411.9779,6437.2173,204.5921
2021/7/29,6699.7543,6923.4389,6655.4947,6525.8071,204.8176
2021/7/30,6542.551,6898.8033,6751.6138,6573.7975,205.263
2021/8/2,6712.9194,7031.1072,6845.2007,6629.7089,205.6688
2021/8/3,6734.7765,7079.9434,6739.4775,6569.3364,205.5381
2021/8/4,6839.599,7037.5319,6911.2186,6669.8626,205.475
2021/8/5,6783.1093,7036.5905,6872.8664,6635.6408,205.7843
2021/8/6,6689.3916,7050.5561,6911.0622,6722.3737,205.7306
2021/8/9,6701.5323,7223.9317,6944.4197,6791.9195,205.3653
2021/8/10,6799.199,7286.4699,6977.947,6793.7925,205.2559
2021/8/11,6709.8433,7346.7723,7023.4363,6903.2932,205.1833
2021/8/12,6595.6727,7309.1601,7040.3511,6981.5376,205.3801
2021/8/13,6539.2398,7289.9843,7002.4216,7025.1027,205.2589
2021/8/16,6490.9138,7347.9447,6920.2419,7015.5774,205.2274
2021/8/17,6306.4183,7273.2571,6758.0717,6879.5376,205.3059
2021/8/18,6325.1163,7468.2319,6772.1227,6931.2466,205.5961
2021/8/19,6309.4204,7325.5517,6804.5535,6858.3763,205.7696
2021/8/20,6096.0645,7271.7837,6805.2216,6883.7067,205.7577
2021/8/23,6258.8368,7287.5629,6949.0148,6979.5992,205.6834
2021/8/24,6373.9632,7314.7946,7002.2528,7058.0084,205.7441
2021/8/25,6429.02,7257.3454,7062.1508,7173.4567,205.8621
2021/8/26,6269.3653,7152.2436,6988.0906,7203.6156,205.5826
2021/8/27,6285.0589,7206.8178,6995.998,7282.7918,205.6636
2021/8/30,6286.8813,7092.1719,7064.8969,7373.3629,205.8331
2021/8/31,6148.0657,7181.25,7076.0535,7515.3267,205.9046
2021/9/1,6227.8704,7400.9032,6930.9617,7470.9839,206.1135
2021/9/2,6123.7605,7466.1467,6975.169,7718.1638,206.138
2021/9/3,6127.103,7464.4854,6931.3067,7699.6265,206.1126
2021/9/6,6334.634,7512.0175,7043.0703,7746.7546,206.1599
2021/9/7,6376.9458,7656.4252,7183.9537,7963.3029,206.0115
2021/9/8,6313.6839,7649.6505,7197.5065,8112.9748,205.9411
2021/9/9,6293.2474,7663.9632,7271.4157,8306.2474,205.9049
2021/9/10,6363.4205,7723.5052,7288.1852,8210.097,205.9193
2021/9/13,6315.7266,7771.4054,7336.0992,8427.9905,205.8407
2021/9/14,6325.2716,7554.1596,7241.543,8202.8005,205.7382
2021/9/15,6215.1491,7464.9346,7277.1136,8300.9093,205.737
2021/9/16,6149.6594,7383.9843,7123.4608,8172.7244,205.7235
2021/9/17,6279.323,7403.6912,7060.0124,8067.8351,205.8406
2021/9/22,6190.6503,7396.3085,7074.0196,8216.7349,206.0757
2021/9/23,6220.7872,7446.3165,7157.2707,8256.0336,206.1345
2021/9/24,6298.9691,7363.1704,7050.5338,7975.4506,206.111
2021/9/27,6471.3978,7325.5492,6828.7279,7633.3668,206.0958
2021/9/28,6414.3435,7437.7442,6857.7151,7758.7033,206.0296
2021/9/29,6368.1606,7403.5506,6648.1636,7473.8742,206.1327
2021/9/30,6476.4325,7362.6863,6764.2965,7602.1785,206.1911
2021/10/8,6520.1156,7479.9438,6748.6322,7575.5104,206.1285
2021/10/11,6461.8057,7550.2937,6728.0218,7520.2563,205.7334
2021/10/12,6399.4821,7502.8387,6579.295,7351.057,205.6295
2021/10/13,6574.5973,7446.5146,6636.3025,7251.404,205.5665
2021/10/14,6538.6614,7379.0856,6682.0762,7262.1715,205.5804
2021/10/15,6606.2807,7404.9565,6679.7188,7257.3339,205.4747
2021/10/18,6488.7242,7377.1969,6720.2498,7397.8536,204.8242
2021/10/19,6566.3669,7457.0637,6798.842,7442.2271,205.0057
2021/10/20,6553.885,7395.9666,6791.0647,7376.2704,205.1744
2021/10/21,6538.7396,7541.0653,6786.0476,7437.2766,205.3967
2021/10/22,6619.3771,7565.0175,6737.9007,7277.9896,205.4009
2021/10/25,6630.9873,7547.8261,6808.6446,7328.3443,205.4316
2021/10/26,6602.3604,7494.4121,6797.2413,7306.2443,205.5145
2021/10/27,6517.6942,7396.475,6743.8891,7234.1918,205.5948
2021/10/28,6496.0601,7336.3861,6570.3792,7045.4848,205.71
2021/10/29,6608.1587,7283.8416,6678.5825,7089.1498,205.782
2021/11/1,6541.7425,7339.8222,6715.8823,7145.3207,206.0828
2021/11/2,6515.69,7193.8342,6635.9136,6940.3174,206.3459
2021/11/3,6451.6783,7215.3198,6672.4602,6995.0677,206.4038
2021/11/4,6528.9651,7203.6417,6745.3181,7015.7028,206.4932
2021/11/5,6507.3921,7153.3159,6664.0073,6835.8816,206.861
2021/11/8,6521.8196,7150.0484,6667.0826,6876.4033,206.9147
2021/11/9,6527.3107,7118.18,6711.8077,6893.9764,206.8338
2021/11/10,6475.2755,7093.2039,6729.0957,6854.2568,206.876
2021/11/11,6554.447,7303.2269,6790.7852,6924.6509,206.7117
2021/11/12,6516.489,7252.9439,6842.4639,6929.3582,206.7581
2021/11/15,6499.974,7266.9728,6837.7026,6925.5186,206.9231
2021/11/16,6557.2936,7226.3599,6787.345,6843.3385,206.9888
2021/11/17,6568.5553,7197.9264,6875.7574,6920.3852,206.9939
2021/11/18,6493.3273,7132.7074,6858.7162,6930.48,207.0887
2021/11/19,6572.2126,7225.8234,6964.6802,7019.0957,207.0606
2021/11/22,6661.4776,7174.3177,7081.2298,7062.6531,207.2147
2021/11/23,6657.0051,7184.9726,7070.4229,7085.5646,207.2116
2021/11/24,6676.5276,7194.5326,7089.7466,7124.4827,207.4262
2021/11/25,6663.5123,7162.7752,7074.3365,7085.9801,207.4909
2021/11/26,6626.8494,7076.9292,7089.4502,7056.5955,207.7394
2021/11/29,6676.5024,7052.0331,7109.0938,7030.4052,207.7746
2021/11/30,6621.3524,7030.3904,7125.6956,7059.128,207.7326
2021/12/1,6603.8155,7107.8279,7127.7521,7163.6329,207.7035
2021/12/2,6627.4759,7180.4715,7079.8968,7151.203,207.6004
2021/12/3,6705.849,7227.2357,7125.6993,7232.1276,207.4957
2021/12/6,6637.1535,7264.3873,7044.4082,7206.19,208.001
2021/12/7,6641.5924,7371.9649,6990.5507,7222.2971,207.8995
2021/12/8,6809.4839,7373.9571,7095.5584,7282.1428,207.7669
2021/12/9,6933.1114,7463.8019,7114.089,7280.7074,207.7703
2021/12/10,6904.2806,7424.007,7100.0273,7245.6341,207.9116
2021/12/13,6968.305,7436.9097,7171.1257,7292.3843,207.921
2021/12/14,6965.3022,7347.2404,7163.3782,7233.2514,208.0627
2021/12/15,6873.8421,7348.7387,7155.7242,7265.6944,208.1203
2021/12/16,6890.2265,7427.188,7201.9013,7356.8861,208.1226
2021/12/17,6740.771,7363.169,7099.9161,7339.4449,208.2154
2021/12/20,6609.6287,7344.1093,6951.8091,7263.8816,208.2117
2021/12/21,6624.2234,7432.6709,7036.0484,7405.7723,208.1754
2021/12/22,6648.8046,7380.4214,7090.4448,7407.4755,208.2974
2021/12/23,6714.5183,7412.7475,7116.6277,7459.3744,208.4944
2021/12/24,6691.2803,7382.2176,7001.2936,7387.9099,208.5353
2021/12/27,6674.9951,7398.3387,6973.9167,7400.3302,208.7069
2021/12/28,6739.63,7425.7431,7025.1999,7348.8771,208.8323
2021/12/29,6588.2583,7341.2157,6996.4032,7323.4612,209.0102
2021/12/30,6656.7367,7370.1097,7077.2481,7358.0191,209.2175
2021/12/31,6664.6568,7409.904,7125.0913,7416.9673,209.2522
2022/1/4,6597.6966,7454.2944,7122.4318,7507.3623,209.2588
2022/1/5,6457.8053,7523.4592,6971.8273,7403.3404,209.2588
2022/1/6,6362.8322,7465.3538,6994.7935,7479.1806,209.0952
2022/1/7,6315.1827,7616.4524,6929.4131,7474.0254,209.0861
2022/1/10,6340.8183,7654.0106,6964.3636,7518.9071,209.2617
2022/1/11,6259.8698,7661.2581,6893.1796,7511.4221,209.3937
2022/1/12,6370.9741,7619.8268,6959.6211,7521.8382,209.5296
2022/1/13,6217.9841,7575.5592,6837.1831,7452.9444,209.5598
2022/1/14,6216.5323,7413.7167,6846.9554,7370.6083,209.6031
2022/1/17,6283.2373,7441.3647,6961.1249,7439.9353,209.7292
2022/1/18,6320.8965,7584.1544,6922.7592,7464.904,210.1881
2022/1/19,6242.1005,7646.6647,6865.0165,7463.9338,210.548
2022/1/20,6297.5219,7796.9364,6761.2218,7397.5677,210.5864
2022/1/21,6237.174,7726.9854,6667.3828,7290.8875,210.8228
2022/1/24,6250.4458,7730.8318,6683.691,7262.7875,211.2721
2022/1/25,6119.4258,7550.38,6458.4866,6985.0295,211.1809
2022/1/26,6165.6897,7602.9291,6478.5526,7037.1418,210.9436
2022/1/27,6024.0795,7516.3682,6302.9322,6903.9501,210.8114
2022/1/28,5954.2862,7390.3817,6275.8396,6884.0412,211.0182
2022/2/7,5965.4115,7629.4918,6369.4999,7038.9365,211.138
2022/2/8,5826.4825,7743.8947,6383.5998,7183.564,211.212
2022/2/9,5903.4017,7746.1771,6483.3982,7267.3913,211.1024
2022/2/10,5836.0815,7808.9492,6451.1327,7330.4067,211.1458
2022/2/11,5728.4326,7887.8887,6317.8589,7246.4161,210.5207
2022/2/14,5709.6885,7693.6272,6263.991,7133.4554,210.4348
2022/2/15,5862.7274,7609.9713,6351.0249,7126.4151,210.4484
2022/2/16,5873.6152,7681.7441,6374.9534,7181.7834,210.4854
2022/2/17,5901.2107,7657.0826,6379.608,7145.2327,210.639
2022/2/18,5905.2497,7762.2341,6440.5503,7258.1036,210.5472
2022/2/21,5856.4599,7729.6908,6468.9292,7289.8631,210.1535
2022/2/22,5760.7571,7639.632,6385.6596,7195.2565,209.9905
2022/2/23,5875.1758,7595.898,6520.3562,7237.6957,210.0847
2022/2/24,5753.4979,7456.6039,6389.1502,7085.3129,210.1833
2022/2/25,5861.2145,7432.4522,6439.0407,7134.6153,210.2359
2022/2/28,5879.5597,7414.875,6496.9168,7173.706,210.3917
2022/3/1,5960.9538,7493.3423,6496.5937,7196.1843,210.2296
2022/3/2,5863.8457,7464.7296,6469.9768,7238.4452,210.035
2022/3/3,5756.6701,7526.3816,6434.643,7337.017,209.8066
2022/3/4,5680.7843,7446.6359,6381.1559,7258.7383,209.8366
2022/3/7,5439.2819,7318.1399,6245.3725,7170.7818,209.9165
2022/3/8,5408.6969,7128.6396,6061.3344,6919.3558,210.0298
2022/3/9,5391.6597,7022.7334,5974.907,6801.9898,209.8397
2022/3/10,5525.6718,7029.3831,6081.1777,6932.8533,209.7974
2022/3/11,5531.0208,7046.7097,6097.5248,6965.7263,210.1735
2022/3/14,5322.7809,6879.1183,5937.4664,6801.9571,210.5916
2022/3/15,5130.1762,6489.1524,5606.9773,6349.5288,210.0772
2022/3/16,5387.7491,6741.258,5775.1641,6519.2889,210.0912
2022/3/17,5545.825,6827.2753,5904.9376,6633.0143,210.1303
2022/3/18,5535.3549,6999.3916,5957.0299,6785.7514,210.2529
2022/3/21,5539.0741,6909.1286,5987.1082,6796.0574,210.1952
2022/3/22,5479.5663,7018.7344,5959.1763,6858.7683,209.9927
2022/3/23,5540.7863,6994.3734,6007.9302,6886.4382,210.0366
2022/3/24,5493.9439,6978.5674,5923.3448,6857.1517,210.1434
2022/3/25,5355.7214,6926.6076,5845.7739,6814.1695,210.2456
2022/3/28,5268.904,6987.011,5826.9655,6875.243,210.3621
2022/3/29,5249.4869,6969.9756,5767.7229,6864.7623,210.3623
2022/3/30,5448.5935,7113.75,5880.9,6994.3723,210.5289
2022/3/31,5378.3107,7158.7862,5811.1026,7022.0487,210.5136
2022/4/1,5442.4252,7264.7445,5827.8755,7078.2535,210.6866
2022/4/6,5359.7945,7360.6293,5815.8633,7179.0946,210.9932
2022/4/7,5297.4713,7271.1666,5688.3256,7026.3408,211.2212
2022/4/8,5304.9013,7359.0092,5677.2325,7054.8282,211.2471
2022/4/11,5107.0823,7224.6928,5481.6145,6879.7225,211.1902
2022/4/12,5260.5478,7253.6441,5541.2215,6960.673,211.179
2022/4/13,5184.4009,7226.9569,5458.0221,6917.1713,211.2453
2022/4/14,5269.1796,7296.3935,5534.4337,7038.3054,211.3982
2022/4/15,5260.7138,7340.7285,5480.9233,6972.2378,211.4593
2022/4/18,5280.0222,7152.6514,5528.6104,6877.7844,211.177
2022/4/19,5209.5469,7141.1826,5538.5895,6937.8136,211.2061
2022/4/20,5110.2744,7026.2093,5413.6886,6731.5243,211.1384
2022/4/21,5006.403,6975.0839,5211.2632,6489.8895,211.2361
2022/4/22,5001.7025,7090.9147,5146.6872,6530.6994,211.2268
2022/4/25,4747.8464,6803.2734,4764.9759,6133.7586,211.4015
2022/4/26,4749.6122,6735.4587,4643.0082,5996.376,211.4315
2022/4/27,4960.009,6759.0185,4870.3512,6170.7819,211.347
2022/4/28,4988.9743,6867.4142,4841.6076,6196.6226,211.1907
2022/4/29,5094.3935,6947.4904,5031.8258,6378.8722,211.3009
2022/5/5,5041.1761,6954.9615,5119.3557,6456.0426,211.4604
2022/5/6,4896.0837,6787.8552,5034.37,6280.8904,211.4679
2022/5/9,4839.3143,6734.5532,5086.1238,6351.7049,211.6446
2022/5/10,4905.0531,6784.2255,5147.0949,6416.7032,211.8159
2022/5/11,5028.1462,6759.5548,5196.7317,6421.2981,211.751
2022/5/12,5009.1487,6702.3823,5211.302,6406.4203,211.8747
2022/5/13,5017.9577,6815.2876,5262.8044,6510.6608,211.8985
2022/5/16,4967.1284,6772.2017,5252.6882,6543.0775,211.8933
2022/5/17,5035.6494,6819.4549,5272.8081,6503.7456,212.0194
2022/5/18,5015.9472,6777.3445,5266.6966,6457.5849,212.167
2022/5/19,5022.8299,6778.7721,5302.9345,6497.4601,212.2585
2022/5/20,5144.2667,6882.0273,5386.6499,6584.4846,212.1765
2022/5/23,5103.1921,6808.4523,5444.2817,6626.9178,212.3892
2022/5/24,4958.857,6729.1305,5248.0068,6409.3771,212.446
2022/5/25,4964.945,6768.7621,5321.7564,6562.5176,212.5192
2022/5/26,4954.1579,6804.9919,5370.215,6630.5802,212.9197
2022/5/27,4979.7773,6826.6284,5349.2578,6620.3495,212.9649
2022/5/30,5046.6438,6797.2144,5394.0393,6644.4927,212.8344
2022/5/31,5171.4825,6830.0464,5488.57,6680.8554,212.5642
2022/6/1,5172.0244,6819.7223,5502.8303,6706.1769,212.5063
2022/6/2,5194.2041,6763.4282,5568.3698,6693.6059,212.4506
2022/6/6,5345.1415,6762.2082,5697.008,6754.6186,212.3354
2022/6/7,5375.7452,6788.4256,5685.0497,6792.148,212.3417
2022/6/8,5453.1311,6823.9085,5683.3756,6823.7438,212.3911
2022/6/9,5349.5874,6864.369,5569.4748,6754.3529,212.474
2022/6/10,5445.0228,6899.493,5660.9253,6850.5397,212.5329
2022/6/13,5388.2269,6769.314,5675.3362,6782.8102,212.5286
2022/6/14,5403.435,6894.903,5668.0744,6856.8087,212.4971
2022/6/15,5472.2049,7064.7196,5666.0522,6850.3483,212.4883
2022/6/16,5463.1704,6918.1645,5693.1491,6780.3535,212.5731
2022/6/17,5583.1665,6939.5059,5747.7636,6786.3501,212.6506
2022/6/20,5657.0311,6897.3623,5772.3035,6770.7524,212.5903
2022/6/21,5628.3096,6935.5008,5718.1831,6727.46,212.5833
2022/6/22,5553.8091,6836.6052,5634.4476,6638.9326,212.6413
2022/6/23,5658.0546,6922.2177,5765.0814,6736.768,212.6802
2022/6/24,5769.6011,6926.0691,5826.6262,6746.1541,212.6031
2022/6/27,5852.7523,6975.1616,5916.0334,6801.532,212.3277
2022/6/28,5930.978,6999.5323,5999.877,6885.7676,212.2711
2022/6/29,5781.5458,7005.0921,5859.9365,6774.8433,212.3059
2022/6/30,5922.7292,7047.2129,5953.1472,6814.9946,212.4679
2022/7/1,5892.9556,7032.6695,5946.673,6813.985,212.5483
2022/7/4,5942.0388,7029.258,6021.6387,6851.5347,212.3718
2022/7/5,5932.5724,7030.7178,6028.7538,6864.2658,212.2918
2022/7/6,5833.2442,6917.84,5931.8374,6704.5086,212.4065
2022/7/7,5877.115,6906.6923,5964.085,6764.4122,212.4125
2022/7/8,5840.3039,6919.4046,5920.855,6726.8267,212.3824
2022/7/11,5708.0386,6877.636,5828.1089,6668.5379,212.5654
2022/7/12,5625.823,6895.5217,5746.8713,6646.2954,212.767
2022/7/13,5688.7663,6813.8299,5779.2504,6682.4671,212.8831
2022/7/14,5747.988,6685.2434,5829.3192,6650.3295,213.0499
2022/7/15,5642.9397,6513.5513,5761.8078,6498.8789,213.1591
2022/7/18,5682.7624,6633.8688,5876.7309,6665.8671,213.28
2022/7/19,5597.2509,6638.1354,5919.5141,6699.1819,213.2984
2022/7/20,5609.776,6646.4941,6008.5677,6749.924,213.4571
2022/7/21,5560.877,6533.6169,5974.0075,6676.7116,213.6353
2022/7/22,5553.4081,6555.5025,5916.2053,6647.68,213.5556
2022/7/25,5504.4694,6567.7094,5850.837,6603.6022,213.6536
2022/7/26,5547.2933,6628.5959,5938.6634,6668.9847,213.8174
2022/7/27,5518.3845,6578.4412,5973.4275,6685.6447,213.9125
2022/7/28,5527.0623,6572.2521,6023.9862,6707.0302,213.8029
2022/7/29,5423.1269,6509.9069,5972.1065,6672.7684,214.0983
2022/8/1,5496.278,6464.2645,6031.0326,6675.4917,214.4486
2022/8/2,5377.5104,6345.127,5848.0689,6439.8107,214.5929
2022/8/3,5306.3466,6270.3958,5806.5373,6354.6699,214.6964
2022/8/4,5343.6508,6325.0988,5834.6563,6387.2095,214.9139
2022/8/5,5432.1859,6375.5052,5974.8665,6469.3184,214.7843
2022/8/8,5411.3208,6365.2605,6031.0261,6512.9596,214.7538
2022/8/9,5454.5678,6354.9432,6065.1321,6523.3406,214.6486
2022/8/10,5385.3695,6312.3878,6079.7095,6502.8603,214.6858
2022/8/11,5527.0431,6433.2306,6147.8993,6618.0257,214.6502
2022/8/12,5506.4863,6458.993,6122.0298,6650.4165,214.6966
2022/8/15,5531.1592,6413.0633,6173.0142,6658.8672,215.5219
2022/8/16,5505.8458,6405.483,6210.9023,6698.8033,215.8211
2022/8/17,5574.392,6464.0198,6221.6327,6728.3091,215.7995
2022/8/18,5525.7145,6392.6649,6198.7434,6657.8203,216.1027
2022/8/19,5448.6356,6431.6142,6088.736,6653.6383,216.2124
2022/8/22,5505.8519,6450.4951,6161.8672,6731.8412,216.2961
2022/8/23,5490.9895,6406.0477,6139.6469,6764.0064,216.1528
2022/8/24,5338.3756,6380.6042,5922.5658,6596.4446,216.1528
2022/8/25,5352.0917,6490.7171,5942.9214,6687.5354,215.9062
2022/8/26,5324.1989,6465.7618,5893.035,6642.7175,215.8368
2022/8/29,5292.771,6433.5285,5910.8733,6675.4374,216.0587
2022/8/30,5251.4648,6448.5234,5873.0338,6623.9464,216.2448
2022/8/31,5227.5036,6533.7798,5699.0234,6485.4796,216.2595
2022/9/1,5162.936,6533.2269,5670.9898,6481.7705,216.4178
2022/9/2,5133.0472,6502.3464,5700.8327,6505.1363,216.5255
2022/9/5,5116.3764,6552.7046,5727.4068,6575.1933,216.6749
2022/9/6,5165.0063,6576.604,5853.2317,6703.2896,216.7718
2022/9/7,5191.3358,6549.2699,5880.2466,6687.3738,216.7738
2022/9/8,5142.035,6555.0606,5836.0585,6660.4784,216.7329
2022/9/9,5208.8481,6673.9174,5870.8102,6727.5153,216.6658
2022/9/13,5205.1402,6693.6202,5870.4743,6683.1397,216.633
2022/9/14,5124.3308,6636.2461,5809.8357,6613.849,216.5445
2022/9/15,5023.8193,6699.6136,5637.8341,6516.7047,216.5999
2022/9/16,4894.2087,6517.324,5500.3024,6316.6203,216.4472
2022/9/19,4887.2556,6520.2178,5448.9035,6291.0403,216.5011
2022/9/20,4929.8828,6445.9519,5490.5503,6332.031,216.619
2022/9/21,4855.7946,6458.0253,5508.5577,6406.4717,216.744
2022/9/22,4805.1367,6423.9827,5512.0068,6390.3441,216.7939
2022/9/23,4768.1789,6442.0084,5404.6618,6324.9606,216.6606
2022/9/26,4783.37,6335.3031,5334.5116,6173.6158,216.3651
2022/9/27,4879.3191,6359.1405,5425.696,6258.2613,216.3317
2022/9/28,4761.5855,6314.1956,5256.6529,6127.499,216.1091
2022/9/29,4793.2637,6252.0034,5267.9401,6100.437,215.978
2022/9/30,4730.1181,6299.5549,5188.357,6094.1785,215.7482
2022/10/10,4579.1187,6270.4127,5078.1098,6058.0678,216.229
2022/10/11,4627.2459,6240.9746,5111.2215,6104.802,216.3362
2022/10/12,4727.1026,6297.1825,5244.4272,6216.9244,216.3164
2022/10/13,4699.9496,6215.3629,5249.8438,6194.7228,216.4604
2022/10/14,4864.1439,6275.367,5393.9525,6308.9909,216.7236
2022/10/17,4864.9739,6271.1688,5442.9659,6337.8768,216.8307
2022/10/18,4859.6797,6242.2193,5453.1932,6344.3798,216.8512
2022/10/19,4778.3132,6168.5952,5423.5316,6303.8672,216.9196
2022/10/20,4740.3067,6131.1545,5410.4425,6251.6622,216.8358
2022/10/21,4708.6671,6127.9849,5400.3094,6268.6001,216.8125
2022/10/24,4572.4183,5956.5838,5342.2248,6150.7858,216.9296
2022/10/25,4562.4388,5959.384,5320.1577,6128.1743,216.8773
2022/10/26,4635.3984,5925.8049,5399.0215,6171.4051,216.9649
2022/10/27,4587.2954,5928.0151,5401.4791,6197.8436,217.1421
2022/10/28,4464.6168,5831.2313,5232.1135,5997.2292,217.2856
2022/10/31,4433.4677,5710.9635,5223.7498,5955.6978,217.5466
2022/11/1,4630.2941,5827.2745,5352.7499,6094.7706,217.4134
2022/11/2,4703.5862,5854.5659,5424.669,6160.9169,217.2768
2022/11/3,4662.9,5798.0043,5446.3382,6150.8479,217.3133
2022/11/4,4852.5877,5933.0586,5575.9365,6279.7831,217.169
2022/11/7,4874.8019,5961.3492,5600.8786,6312.6526,217.2045
2022/11/8,4825.3171,5950.9341,5569.2088,6305.8505,217.1381
2022/11/9,4752.2713,5938.3946,5555.5736,6310.403,217.1211
2022/11/10,4676.5848,5939.1904,5474.833,6297.4569,217.0537
2022/11/11,4810.1616,6141.4722,5537.5526,6388.9794,216.6941
2022/11/14,4778.2961,6227.7137,5494.4784,6389.032,215.4304
2022/11/15,4898.0065,6299.1623,5614.5429,6456.315,215.4349
2022/11/16,4846.0563,6261.6732,5570.0959,6426.9416,215.1982
2022/11/17,4804.3699,6239.4495,5571.6961,6430.1328,215.4666
2022/11/18,4798.4689,6200.8325,5529.8107,6413.0568,215.565
2022/11/21,4759.0733,6146.9089,5561.0582,6414.0068,215.8143
2022/11/22,4699.5323,6262.4571,5495.8783,6400.7223,215.7922
2022/11/23,4694.2506,6294.544,5469.39,6402.3649,216.0896
2022/11/24,4680.6381,6270.9619,5496.1186,6439.8292,216.3073
2022/11/25,4654.5544,6424.4525,5455.4769,6472.9813,215.9981
2022/11/28,4597.3877,6323.2342,5404.7701,6452.6225,215.7743
2022/11/29,4719.1633,6574.4994,5494.2357,6609.6502,215.275
2022/11/30,4725.5582,6559.6108,5483.921,6593.0136,215.2216
2022/12/1,4822.4827,6542.6511,5527.6099,6577.3161,215.3646
2022/12/2,4793.3759,6498.0792,5492.1313,6549.6391,215.4578
2022/12/5,4827.8402,6728.1571,5515.895,6662.9676,215.4107
2022/12/6,4885.6114,6709.053,5506.9451,6627.7785,215.167
2022/12/7,4900.4445,6646.9103,5488.5466,6603.3056,215.2092
2022/12/8,4905.1552,6675.1309,5449.8196,6616.6048,215.3314
2022/12/9,4959.8831,6744.2076,5484.303,6645.9966,215.1844
2022/12/12,4911.5197,6622.54,5429.5292,6555.7612,215.1926
2022/12/13,4871.8271,6648.426,5392.7427,6571.2754,214.9421
2022/12/14,4876.2689,6645.4643,5382.2229,6526.9226,215.3014
2022/12/15,4901.6649,6574.1397,5406.226,6496.7655,215.3311
2022/12/16,4878.025,6650.2443,5355.7817,6526.3842,215.2713
2022/12/19,4817.5695,6512.9966,5260.5203,6362.6719,215.6306
2022/12/20,4730.9644,6423.489,5229.8417,6316.5053,215.6209
2022/12/21,4729.0774,6436.7495,5193.654,6299.5057,215.6449
2022/12/22,4726.0157,6455.8127,5109.9087,6225.252,215.8179
2022/12/23,4712.7656,6452.0879,5080.8542,6205.2501,216.0492
2022/12/26,4768.4573,6401.4351,5170.0332,6217.2931,216.0383
2022/12/27,4829.6364,6488.6776,5224.5134,6258.3354,215.8717
2022/12/28,4793.4263,6509.0368,5178.3779,6244.9932,215.8894
2022/12/29,4786.0643,6451.4317,5156.5194,6192.4466,216.1309
2022/12/30,4783.8669,6502.6157,5161.2071,6219.1825,216.2696
2023/1/3,4788.9367,6530.279,5249.1976,6295.3483,216.4339
2023/1/4,4743.4596,6634.1325,5248.3563,6332.4589,216.6245
2023/1/5,4892.6219,6666.4988,5318.4521,6364.9988,216.6021
2023/1/6,4937.989,6665.2434,5345.1251,6348.9625,216.4499
2023/1/9,4992.4886,6689.9226,5385.8449,6355.9692,216.4545
2023/1/10,5038.3069,6619.1354,5389.5752,6336.0005,216.2176
2023/1/11,4999.1924,6691.9212,5353.7449,6333.6189,216.1711
2023/1/12,5023.1447,6694.5525,5365.4986,6321.9519,216.2477
2023/1/13,5094.303,6780.6701,5383.5993,6389.4316,216.1264
2023/1/16,5210.6322,6829.4505,5464.9179,6446.6183,215.8846
2023/1/17,5219.0213,6816.1465,5483.3614,6441.1731,215.9523
2023/1/18,5213.9966,6808.8454,5483.3327,6461.3704,215.949
2023/1/19,5266.0217,6829.893,5532.3407,6497.5442,215.9384
2023/1/20,5311.5625,6886.0937,5577.5955,6546.5088,215.9145
2023/1/30,5369.3967,6855.2962,5606.4401,6543.498,216.1208
2023/1/31,5296.775,6813.3995,5611.43,6558.1944,216.2163
2023/2/1,5368.3858,6833.4632,5704.0975,6624.4489,216.1874
2023/2/2,5353.1122,6794.2726,5721.7031,6626.1602,216.2332
2023/2/3,5294.7132,6718.1328,5693.0452,6576.3239,216.3149
2023/2/6,5213.7319,6634.4003,5649.3854,6545.6278,216.3248
2023/2/7,5201.2896,6670.7624,5684.7491,6582.0091,216.3384
2023/2/8,5174.4849,6646.5703,5636.0454,6549.5937,216.3647
2023/2/9,5262.022,6697.6466,5740.05,6624.1584,216.4002
2023/2/10,5209.2383,6688.8756,5715.1293,6626.2845,216.433
2023/2/13,5277.2492,6690.2095,5768.886,6675.333,216.5023
2023/2/14,5261.658,6714.7624,5796.7092,6706.7099,216.5335
2023/2/15,5234.6616,6663.401,5779.861,6675.9589,216.5422
2023/2/16,5175.7277,6655.1034,5663.1001,6591.2444,216.5846
2023/2/17,5080.3234,6602.301,5605.2038,6583.5415,216.5847
2023/2/20,5190.3185,6798.7567,5698.8684,6717.5997,216.4628
2023/2/21,5197.1249,6841.8456,5728.99,6776.7937,216.325
2023/2/22,5142.084,6778.5108,5716.1244,6766.8998,216.4149
2023/2/23,5154.1692,6782.0357,5700.2077,6762.1161,216.3905
2023/2/24,5080.9496,6721.1038,5673.7073,6737.3645,216.3871
2023/2/27,5045.0956,6683.8441,5625.4526,6709.6412,216.4096
2023/2/28,5076.2139,6729.0651,5653.8323,6752.8541,216.411
2023/3/1,5130.5443,6860.6754,5698.6567,6805.0984,216.4522
2023/3/2,5093.9823,6893.5178,5667.7091,6830.0527,216.4238
2023/3/3,5094.8436,6964.1744,5676.121,6859.2501,216.3866
2023/3/6,5094.4902,6865.8208,5674.1118,6838.4494,216.6793
2023/3/7,5002.8055,6827.3989,5571.151,6748.8648,216.7796
2023/3/8,4975.6363,6802.4406,5574.5343,6749.3369,216.8136
2023/3/9,4956.431,6780.6129,5574.4298,6730.5411,216.8628
2023/3/10,4915.6655,6660.6514,5502.3578,6622.7982,216.9834
2023/3/13,4941.3754,6765.0341,5511.7018,6662.6933,217.0244
2023/3/14,4903.4809,6711.3379,5490.8049,6595.4662,217.0859
2023/3/15,4883.0115,6775.5693,5516.3844,6697.7148,217.0847
2023/3/16,4792.9874,6736.98,5423.735,6618.6532,217.2393
2023/3/17,4787.212,6814.6232,5451.6206,6665.9943,217.3357
2023/3/20,4786.1431,6756.7913,5459.9511,6633.0565,217.5709
2023/3/21,4872.2399,6747.1921,5510.925,6666.5678,217.5778
2023/3/22,4883.4075,6798.1537,5546.7035,6697.75,217.5207
2023/3/23,4938.4047,6864.8321,5581.0335,6702.9108,217.5581
2023/3/24,4956.2195,6777.5765,5606.2984,6694.2664,217.4911
2023/3/27,4965.1883,6710.0392,5629.4144,6670.8364,217.6239
2023/3/28,4926.9804,6711.3694,5542.8439,6672.9194,217.6423
2023/3/29,4965.0712,6679.7558,5529.076,6638.4318,217.6881
2023/3/30,5008.7589,6763.9698,5556.1868,6657.9085,217.7468
2023/3/31,5019.096,6755.4406,5595.2174,6703.4632,217.7502
2023/4/3,5075.3718,6801.7479,5679.0936,6770.6315,217.7884
2023/4/4,5042.5442,6881.1078,5656.2065,6783.0436,217.7751
2023/4/6,5038.3389,6853.8002,5712.5376,6759.2349,217.7856
2023/4/7,5078.2227,6878.4411,5748.7122,6796.2461,217.8485
2023/4/10,5051.0325,6899.7629,5671.0249,6760.5927,217.9734
2023/4/11,5049.9419,6914.679,5694.5605,6785.1595,218.1631
2023/4/12,5029.3479,6980.6728,5722.5139,6824.9439,218.3294
2023/4/13,4980.596,6951.3408,5670.1826,6819.8775,218.2893
2023/4/14,5015.2111,6981.1244,5726.6904,6818.1821,218.2887
2023/4/17,5052.7822,7145.3672,5720.0457,6870.2991,218.2323
2023/4/18,5043.3905,7218.2309,5701.3694,6854.9576,218.2842
2023/4/19,4991.4416,7147.3871,5643.7492,6843.1477,218.412
2023/4/20,4930.1687,7197.4903,5633.2049,6840.3824,218.4432
2023/4/21,4826.8245,7072.9859,5485.6929,6728.0229,218.5115
2023/4/24,4715.3846,7033.1695,5422.0624,6703.9699,218.6759
2023/4/25,4653.6151,7071.7066,5312.111,6648.7026,218.7126
2023/4/26,4698.1409,6996.2605,5311.3057,6674.8061,218.793
2023/4/27,4714.6788,7087.2288,5296.7907,6696.7476,219.0394
2023/4/28,4741.8129,7183.6423,5381.4434,6794.042,219.0866
2023/5/4,4674.4413,7305.1222,5355.8466,6888.3018,219.4062
2023/5/5,4651.193,7329.2808,5279.9257,6852.174,219.6606
2023/5/8,4674.374,7542.3685,5315.1921,6931.7619,219.6401
2023/5/9,4660.0458,7459.368,5252.7156,6901.6198,219.6928
2023/5/10,4660.6356,7299.7843,5262.4415,6852.3081,219.9086
2023/5/11,4665.1348,7273.3077,5260.3484,6834.5519,220.2001
2023/5/12,4589.9345,7190.1074,5205.2939,6785.8157,220.1621
2023/5/15,4677.3442,7283.1545,5292.0491,6793.8864,220.1518
2023/5/16,4662.5883,7231.4538,5241.1345,6722.9458,220.1097
2023/5/17,4642.8509,7168.456,5245.3409,6723.2812,220.081
2023/5/18,4602.4884,7218.4534,5265.6245,6715.9232,219.9999
2023/5/19,4607.804,7139.2831,5253.7052,6658.991,220.1137
2023/5/22,4641.5494,7159.9239,5258.1581,6657.6055,220.2714
2023/5/23,4587.0708,7034.3992,5210.748,6588.8358,220.4988
2023/5/24,4555.669,6862.9642,5207.4499,6520.7778,220.5097
2023/5/25,4529.2423,6862.1503,5187.5524,6480.2539,220.4596
2023/5/26,4502.8932,6893.9796,5206.9385,6534.7643,220.3818
2023/5/29,4440.7476,6933.3574,5195.1908,6554.9269,220.4521
2023/5/30,4446.4341,6933.1367,5234.9723,6577.646,220.5547
2023/5/31,4378.9709,6870.4071,5217.4174,6544.0066,220.638
2023/6/1,4423.9394,6854.5631,5237.8481,6529.9651,220.8074
2023/6/2,4497.052,6948.8786,5307.3365,6574.5721,220.7258
2023/6/5,4435.1814,6977.3367,5283.3339,6593.9341,220.7724
2023/6/6,4368.5099,6968.8603,5169.9977,6491.8307,220.9088
2023/6/7,4311.1262,7004.2636,5146.789,6521.7984,221.0353
2023/6/8,4324.4345,7127.5774,5101.1186,6546.1731,221.0132
2023/6/9,4348.007,7125.2052,5135.766,6539.0025,221.1721
2023/6/12,4375.4206,7084.2107,5167.3655,6529.0296,221.3168
2023/6/13,4405.8935,7077.6254,5175.4201,6498.7817,221.6408
2023/6/14,4411.5385,7016.9638,5165.6736,6487.478,221.8338
2023/6/15,4549.0816,7062.1466,5233.6415,6515.5994,221.5194
2023/6/16,4591.224,7088.19,5274.7734,6524.8657,221.2203
2023/6/19,4540.0177,6988.2205,5285.561,6467.6428,221.0297
2023/6/20,4531.1173,6937.5902,5296.6221,6432.0859,221.1366
2023/6/21,4439.998,6891.8107,5155.2492,6351.3208,221.2944
2023/6/26,4414.311,6785.6081,5087.754,6262.4488,221.4702
2023/6/27,4436.2586,6891.4679,5121.6869,6377.0354,221.3929
2023/6/28,4428.299,6898.2359,5103.2316,6393.6146,221.4888
2023/6/29,4393.8397,6857.4028,5118.018,6388.5793,221.5684
2023/6/30,4434.0396,6881.3676,5198.8051,6432.1258,221.8025
2023/7/3,4490.6105,6994.7269,5224.6509,6470.0085,221.8637
2023/7/4,4506.1984,6961.3611,5241.8085,6436.1611,221.9083
2023/7/5,4473.0294,6919.5049,5203.9776,6431.6879,221.9595
2023/7/6,4428.5996,6882.73,5172.0389,6386.3953,222.0525
2023/7/7,4389.4784,6878.9724,5126.0075,6403.0335,222.1158
2023/7/10,4452.3419,6878.5769,5139.8298,6419.5838,222.1872
2023/7/11,4481.8879,6910.6483,5182.1008,6435.7736,222.308
2023/7/12,4461.9955,6873.5425,5113.2987,6373.5614,222.3158
2023/7/13,4546.8608,6952.4533,5172.8256,6424.7516,222.3271
2023/7/14,4521.0705,6978.3194,5136.1238,6425.2567,222.2765
2023/7/17,4476.9275,6900.64,5113.6464,6414.5274,222.4206
2023/7/18,4471.6202,6858.506,5129.1611,6417.9812,222.5826
2023/7/19,4446.0617,6889.6278,5102.8629,6447.5745,222.6433
2023/7/20,4431.79,6845.1452,5054.2875,6401.7698,222.6809
2023/7/21,4422.5949,6815.2227,5055.5768,6412.6664,222.852
2023/7/24,4376.6832,6793.1955,5013.7338,6414.0125,223.0564
2023/7/25,4511.8319,7011.2369,5112.254,6520.0919,222.458
2023/7/26,4513.368,6994.5859,5095.1398,6530.6153,222.5789
2023/7/27,4496.4066,6997.7076,5040.3655,6509.9582,222.7991
2023/7/28,4582.1019,7189.0583,5098.3249,6629.2414,222.7336
2023/7/31,4625.29,7222.234,5134.319,6695.6697,222.6234
2023/8/1,4602.4563,7192.7197,5140.8986,6703.0769,222.7324
2023/8/2,4578.2638,7102.571,5134.8152,6670.1102,222.8262
2023/8/3,4627.4243,7178.0956,5145.4212,6697.7497,222.9815
2023/8/4,4640.6465,7203.6504,5164.3558,6701.8399,223.0174
2023/8/7,4601.4389,7157.8845,5142.2024,6638.375,223.1017
2023/8/8,4598.499,7127.6341,5104.0783,6618.0342,223.151
2023/8/9,4591.9754,7115.8285,5074.8989,6571.1324,223.1927
2023/8/10,4609.9838,7123.5132,5089.4194,6584.8995,223.1603
2023/8/11,4503.0635,6959.1971,4992.7254,6463.4125,223.2219
2023/8/14,4440.0512,6923.4054,4970.1342,6461.8096,223.4582
2023/8/15,4397.1509,6956.5307,4917.1304,6458.1619,223.7941
2023/8/16,4359.4512,6922.4308,4870.5799,6443.0819,223.9654
2023/8/17,4390.2628,6908.689,4911.6301,6467.393,223.958
2023/8/18,4330.0059,6870.9823,4812.8627,6386.8069,224.0396
2023/8/21,4258.4464,6767.9643,4760.9823,6314.9455,224.3885
2023/8/22,4264.2806,6858.7311,4762.1655,6329.2322,224.3678
2023/8/23,4173.5788,6802.5217,4651.2859,6264.6445,224.3779
2023/8/24,4247.0957,6770.9089,4682.7349,6254.1836,224.4097
2023/8/25,4217.9238,6804.3271,4625.9292,6245.9691,224.319
2023/8/28,4254.3381,6914.2362,4672.731,6348.9104,224.115
2023/8/29,4337.3616,6885.1653,4807.5864,6403.7657,224.0367
2023/8/30,4344.5716,6847.966,4834.6441,6341.5441,224.0964
2023/8/31,4312.4097,6821.191,4809.092,6280.3489,224.2161
2023/9/1,4334.768,6900.2661,4822.6667,6331.74,223.9969
2023/9/4,4409.5874,7017.5658,4893.6996,6450.3077,223.5806
2023/9/5,4388.1201,6946.4278,4874.2616,6394.8461,223.5881
2023/9/6,4364.2402,6959.5114,4892.8416,6373.9092,223.3229
2023/9/7,4274.4452,6916.9666,4806.4572,6301.2019,223.1479
2023/9/8,4240.4479,6889.6912,4815.0788,6287.9386,223.132
2023/9/11,4272.3384,6920.1842,4879.0295,6370.1993,223.0963
2023/9/12,4261.1689,6910.447,4879.8151,6368.1604,223.253
2023/9/13,4229.3658,6898.2552,4833.4574,6349.0924,223.3829
2023/9/14,4202.5002,6945.7146,4817.1674,6381.2413,223.5589
2023/9/15,4181.0528,6886.2181,4827.5146,6401.2069,223.41
2023/9/18,4215.3986,6890.752,4829.0914,6402.1141,223.2245
2023/9/19,4191.8776,6919.2839,4788.8894,6414.2153,223.211
2023/9/20,4158.2541,6921.5854,4744.0785,6391.4434,223.1788
2023/9/21,4104.6684,6870.9576,4714.043,6348.1432,223.2946
2023/9/22,4183.3905,6980.7718,4820.6381,6404.9476,223.2152
2023/9/25,4168.34,6930.9095,4796.3062,6374.0131,223.0732
2023/9/26,4125.795,6892.3142,4759.6108,6343.3547,222.9519
2023/9/27,4156.5975,6884.8061,4801.3712,6351.6302,222.964
2023/9/28,4133.7564,6869.8751,4818.1053,6355.6745,223.1859
2023/10/9,4134.5414,6852.579,4779.0792,6309.696,223.4949
2023/10/10,4109.1903,6778.7826,4745.2521,6243.555,223.3584
2023/10/11,4132.3935,6770.357,4763.8514,6223.1991,223.1277
2023/10/12,4177.2573,6863.1436,4804.7762,6295.287,223.0795
2023/10/13,4121.4905,6831.731,4769.9608,6263.2645,223.2904
2023/10/16,4051.8447,6810.7761,4708.8657,6261.4126,223.3779
2023/10/17,4060.1059,6853.1948,4722.8336,6286.9707,223.2592
2023/10/18,4028.8755,6824.8584,4647.2963,6212.8111,223.1953
2023/10/19,3950.4484,6670.4079,4613.4033,6125.419,222.9596
2023/10/20,3930.9014,6629.4739,4581.1135,6107.1524,222.9902
2023/10/23,3877.6104,6575.059,4455.0805,5970.2655,223.2122
2023/10/24,3905.6112,6580.2981,4507.8502,6029.7665,223.0806
2023/10/25,3916.9256,6569.8347,4505.7783,6084.5181,223.2655
2023/10/26,3922.4529,6598.4728,4508.7307,6097.6921,223.3459
2023/10/27,4023.4256,6606.1275,4611.7828,6170.3311,223.2981
2023/10/30,4103.801,6537.8106,4668.4411,6168.7992,223.4186
2023/10/31,4070.8782,6536.8384,4655.6411,6155.3922,223.5768
2023/11/1,4042.4733,6525.0773,4635.0201,6147.4202,223.6115
2023/11/2,4005.7315,6542.0665,4578.9937,6117.0967,223.8348
2023/11/3,4060.3069,6539.7273,4644.5352,6117.6578,223.8021
2023/11/6,4151.118,6560.8824,4743.4054,6179.5082,223.8596
2023/11/7,4130.4513,6538.9459,4746.4982,6163.8403,223.8428
2023/11/8,4120.3491,6508.5755,4744.1014,6152.9179,223.8392
2023/11/9,4127.5087,6520.1514,4744.4988,6154.1757,223.9188
2023/11/10,4089.196,6474.1858,4720.6565,6128.9568,223.9738
2023/11/13,4076.0891,6453.8808,4751.0124,6155.241,224.1137
2023/11/14,4068.5742,6461.945,4764.4533,6163.9261,224.0789
2023/11/15,4110.1189,6505.7183,4784.7384,6199.2849,224.0824
2023/11/16,4046.5719,6478.4933,4720.6868,6165.1533,224.2005
2023/11/17,4041.0671,6450.6792,4759.4119,6173.5263,224.2653
2023/11/20,4036.9962,6473.9356,4798.8085,6207.3617,224.2816
2023/11/21,4036.4169,6490.5264,4771.4535,6206.1387,224.2453
2023/11/22,3972.4673,6462.3885,4691.5926,6164.9657,224.1362
2023/11/23,3990.2136,6486.6169,4736.7496,6228.8963,223.9092
2023/11/24,3954.1453,6470.2892,4679.5301,6212.534,223.9158
2023/11/27,3922.0669,6415.3043,4687.2155,6190.9699,223.8306
2023/11/28,3938.9743,6403.905,4707.6294,6203.6944,223.9273
2023/11/29,3903.2094,6338.0049,4677.8371,6161.1077,223.9649
2023/11/30,3901.8083,6364.9127,4663.5659,6163.9382,224.1015
2023/12/1,3876.9753,6355.4699,4693.3977,6193.6791,224.0864
2023/12/4,3838.9326,6327.244,4686.5855,6189.4041,224.0732
2023/12/5,3761.753,6226.6482,4600.7664,6105.594,224.0633
2023/12/6,3791.8636,6201.9055,4632.1856,6127.4276,224.0444
2023/12/7,3765.2475,6214.3581,4628.1677,6141.0685,224.0885
2023/12/8,3778.4058,6217.1005,4633.1405,6119.7997,224.1948
2023/12/11,3793.2634,6250.2711,4680.6839,6184.5336,224.4073
2023/12/12,3783.3894,6306.8316,4671.2697,6201.5772,224.4415
2023/12/13,3708.9051,6229.2442,4617.408,6155.122,224.7022
2023/12/14,3683.8911,6212.2753,4596.3973,6155.339,224.7809
2023/12/15,3682.3346,6190.5904,4574.1495,6115.7644,225.0064
2023/12/18,3647.6911,6207.7355,4504.5171,6058.798,225.2053
2023/12/19,3661.0447,6207.348,4510.7481,6043.087,225.1953
2023/12/20,3628.3749,6160.6534,4454.4749,5986.9732,225.2163
2023/12/21,3684.1526,6197.3678,4490.8015,5992.6026,225.4437
2023/12/22,3695.9798,6232.8959,4479.2924,5960.7159,225.6393
2023/12/25,3710.8817,6239.3058,4491.5282,5947.9773,225.9245
2023/12/26,3679.2907,6226.3071,4446.575,5910.274,226.0686
2023/12/27,3684.1114,6256.0794,4461.5603,5950.0104,226.2393
2023/12/28,3815.2119,6328.2413,4575.8145,6000.3169,226.3313
2023/12/29,3822.8826,6363.1242,4614.5858,6037.7651,226.3193
